iter,alpha_M1f,beta_M1f,LL_M1f,LL_M3_sim,LR_sim,best_init_idx,n_total_sim,ll_init_0,ll_init_1,ll_init_2,ll_init_3,ll_init_4,ll_init_anchor
0,0.0001000018217,0.0108000345,-725177.385101,-725177.388136,0.006069,0,122177,-725177.385101,-725178.703367,-725179.212001,-725178.578645,-725179.336914,-725177.388136
1,0,0.01,-728999.964912,-728999.964912,0.000000,-1,122986,-729000.023044,-729001.315364,-729002.026833,-729001.114007,-729002.184667,-728999.964912
2,0,0.01,-729649.423682,-729649.423682,-0.000000,-1,123056,-729649.441732,-729651.300441,-729652.194947,-729650.982014,-729652.395909,-729649.423682
3,0,0.01,-729299.970055,-729299.970055,-0.000000,-1,123078,-729299.991775,-729301.277894,-729301.970436,-729301.075712,-729302.119923,-729299.970055
4,0.0001006957218,0.01077842534,-728758.653090,-728758.696592,0.087003,0,122980,-728758.653090,-728759.738136,-728760.221326,-728759.595410,-728760.328678,-728758.696592
5,0,0.01,-729796.036690,-729796.036690,-0.000000,-1,123159,-729796.040925,-729797.608002,-729798.230769,-729797.426535,-729798.372895,-729796.036690
6,0,0.01,-730706.798242,-730706.798242,0.000000,-1,123297,-730706.879153,-730708.221111,-730709.111683,-730707.945558,-730709.309526,-730706.798242
7,0.0001360013174,0.02888433625,-726768.209127,-726768.340147,0.262040,0,122470,-726768.209127,-726768.362373,-726768.623715,-726768.309896,-726768.688041,-726768.340147
8,0.0001000495944,0.01037968338,-728948.075110,-728948.083497,0.016773,0,122973,-728948.075110,-728949.801589,-728950.406101,-728949.639225,-728950.548531,-728948.083496
9,0.0001009651903,0.0107537082,-727883.056090,-727883.114882,0.117584,0,122713,-727883.056090,-727884.654435,-727885.160412,-727884.508500,-727885.291476,-727883.114882
10,0.0001211165376,0.02049900633,-727922.650451,-727922.764336,0.227771,0,122746,-727922.650451,-727922.956958,-727923.246377,-727922.895953,-727923.318112,-727922.764336
11,0,0.01,-727765.021140,-727765.021140,0.000000,-1,122732,-727765.025267,-727766.383255,-727766.939711,-727766.227782,-727767.070172,-727765.021140
12,0.0001002798428,0.01037013727,-727228.557150,-727228.592107,0.069914,0,122556,-727228.557150,-727230.656754,-727231.284566,-727230.486652,-727231.436989,-727228.592107
13,9.99962863e-05,0.01037572509,-729859.703481,-729859.705389,0.003815,0,123173,-729859.703481,-729861.278201,-729861.911010,-729861.083828,-729862.053019,-729859.705389
14,0,0.01,-729450.371895,-729450.371895,0.000000,-1,123054,-729450.381431,-729451.663910,-729452.418975,-729451.422304,-729452.582779,-729450.371895
15,0,0.01,-728591.075333,-728591.075333,0.000000,-1,122853,-728591.106556,-728592.121619,-728592.886113,-728591.877022,-728593.039186,-728591.075333
16,0,0.01,-727909.687828,-727909.687828,-0.000000,-1,122770,-727909.741928,-727910.587045,-727911.264811,-727910.389697,-727911.424865,-727909.687828
17,0,0.01,-728468.381599,-728468.381599,-0.000000,-1,122868,-728468.430446,-728469.812397,-728470.847034,-728469.341666,-728471.066357,-728468.381599
18,0,0.01,-729913.405651,-729913.405651,-0.000000,-1,123120,-729913.462541,-729915.519597,-729916.344291,-729915.298805,-729916.536326,-729913.405651
19,0,0.01,-726047.083834,-726047.083834,0.000000,-1,122378,-726047.122235,-726048.899218,-726049.673863,-726048.659550,-726049.828423,-726047.083834
20,0,0.01,-727304.078456,-727304.078456,-0.000000,-1,122627,-727304.131634,-727306.249743,-727307.067738,-727306.033293,-727307.249272,-727304.078456
21,0.003605573949,0.05600575677,-727184.819964,-727185.623389,1.606850,3,122578,-727184.953204,-727184.929410,-727185.284233,-727184.819964,-727185.354788,-727185.623389
22,0,0.01,-726643.360425,-726643.360425,0.000000,-1,122473,-726643.388848,-726644.738995,-726645.339024,-726644.569819,-726645.474835,-726643.360425
23,0.002682241002,0.09237501763,-727515.333312,-727516.364798,2.062973,3,122683,-727516.374843,-727515.606145,-727516.425348,-727515.333312,-727516.569310,-727516.364798
24,0.0001000607581,0.01078096221,-726339.822609,-726339.828330,0.011441,0,122415,-726339.822609,-726340.938760,-726341.578318,-726340.751517,-726341.721693,-726339.828330
25,0,0.01,-724849.657604,-724849.657604,0.000000,-1,122164,-724849.711592,-724851.634233,-724852.440786,-724851.376119,-724852.631813,-724849.657604
26,0,0.01,-727135.213392,-727135.213392,0.000000,-1,122601,-727135.269079,-727137.433460,-727138.335715,-727137.141683,-727138.556049,-727135.213392
27,0.0001002620356,0.0103577514,-728400.145655,-728400.178476,0.065642,0,122915,-728400.145655,-728402.478701,-728403.129482,-728402.317885,-728403.288676,-728400.178476
28,0.0001000219002,0.0107821773,-730547.936467,-730547.940283,0.007632,0,123256,-730547.936467,-730549.740132,-730550.322460,-730549.595900,-730550.464428,-730547.940282
29,0.000100050041,0.0103737739,-726437.185331,-726437.193284,0.015907,0,122431,-726437.185331,-726438.339836,-726438.988409,-726438.129467,-726439.134757,-726437.193284
30,0,0.01,-724973.063129,-724973.063129,-0.000000,-1,122179,-724973.094795,-724975.626929,-724976.572672,-724975.331469,-724976.810776,-724973.063129
31,0.000100247967,0.01076723899,-728016.018561,-728016.034925,0.032729,0,122733,-728016.018561,-728017.943410,-728018.550617,-728017.803364,-728018.689727,-728016.034925
32,0.0001000441182,0.0103790095,-726490.334721,-726490.342459,0.015476,0,122531,-726490.334721,-726491.878294,-726492.433773,-726491.726346,-726492.551888,-726490.342459
33,9.998493446e-05,0.01079082877,-728180.880966,-728180.882876,0.003820,0,122759,-728180.880966,-728181.780865,-728182.249854,-728181.664270,-728182.359947,-728180.882876
34,0.0001000366988,0.01036809391,-729399.080048,-729399.086520,0.012945,0,123127,-729399.080048,-729400.775004,-729401.458712,-729400.555625,-729401.599962,-729399.086520
35,0,0.01,-728413.269588,-728413.269588,-0.000000,-1,122908,-728413.283315,-728415.065749,-728415.897327,-728414.791461,-728416.061604,-728413.269588
36,0,0.01,-727097.684256,-727097.684256,-0.000000,-1,122559,-727097.690003,-727100.060409,-727100.881503,-727099.796522,-727101.081826,-727097.684256
37,0,0.01,-727307.992373,-727307.992373,-0.000000,-1,122604,-727308.053223,-727308.854798,-727309.637718,-727308.618017,-727309.804903,-727307.992373
38,0.003538167061,0.06543967281,-730290.268815,-730291.490243,2.442857,3,123191,-730290.416305,-730290.399345,-730290.829826,-730290.268815,-730290.917251,-730291.490243
39,0,0.01,-728857.497421,-728857.497421,0.000000,-1,123001,-728857.531911,-728859.291231,-728859.919784,-728859.143070,-728860.061684,-728857.497421
40,0,0.01,-725460.664323,-725460.664323,-0.000000,-1,122193,-725460.731690,-725462.771617,-725463.590833,-725462.564395,-725463.779598,-725460.664323
41,0.0001003673721,0.01079990924,-731283.963179,-731283.987654,0.048950,0,123411,-731283.963179,-731284.558018,-731285.114435,-731284.401271,-731285.234765,-731283.987654
42,0,0.01,-730239.050767,-730239.050767,-0.000000,-1,123226,-730239.070368,-730240.679262,-730241.286472,-730240.535486,-730241.420099,-730239.050767
43,0,0.01,-727455.116196,-727455.116196,0.000000,-1,122687,-727455.155099,-727456.509682,-727457.255144,-727456.272317,-727457.417736,-727455.116196
44,0,0.01,-728298.342810,-728298.342810,-0.000000,-1,122774,-728298.356970,-728299.196214,-728299.859861,-728298.991626,-728300.030881,-728298.342810
45,0,0.01,-727850.566976,-727850.566976,-0.000000,-1,122716,-727850.582470,-727852.305004,-727853.204618,-727851.964373,-727853.385693,-727850.566976
46,0.000100084384,0.01035897088,-726627.251870,-726627.263336,0.022933,0,122472,-726627.251870,-726629.847229,-726630.614673,-726629.649328,-726630.794767,-726627.263336
47,0.0001002632596,0.0107705726,-729392.023454,-729392.040971,0.035033,0,123045,-729392.023454,-729393.331444,-729393.860816,-729393.188848,-729393.978993,-729392.040971
48,0,0.01,-727205.692386,-727205.692386,0.000000,-1,122558,-727205.705617,-727207.226583,-727207.770684,-727207.099173,-727207.888501,-727205.692386
49,0,0.01,-727342.898074,-727342.898074,-0.000000,-1,122586,-727342.917708,-727344.881678,-727345.541956,-727344.708650,-727345.705048,-727342.898074
50,0,0.01,-728517.264528,-728517.264528,0.000000,-1,122849,-728517.291142,-728519.446021,-728520.202909,-728519.229983,-728520.390983,-728517.264528
51,0,0.01,-727961.731682,-727961.731682,0.000000,-1,122781,-727961.789638,-727963.890023,-727964.844617,-727963.580106,-727965.042306,-727961.731682
52,0,0.01,-728419.761444,-728419.761444,0.000000,-1,122884,-728419.806008,-728422.142525,-728422.969658,-728421.924682,-728423.161092,-728419.761444
53,0,0.01,-727249.835116,-727249.835116,0.000000,-1,122592,-727249.917091,-727251.905896,-727252.723264,-727251.705127,-727252.908345,-727249.835116
54,0,0.01,-726761.118454,-726761.118454,-0.000000,-1,122532,-726761.131888,-726763.206941,-726763.945387,-726763.001716,-726764.099723,-726761.118454
55,0.001119596118,0.2600683302,-731373.347401,-731377.242152,7.789501,0,123406,-731373.347401,-731373.970241,-731374.572321,-731373.769837,-731374.674723,-731377.242152
56,0,0.01,-722750.742909,-722750.742909,0.000000,-1,121738,-722750.752183,-722752.426544,-722753.038329,-722752.264753,-722753.166518,-722750.742909
57,0,0.01,-727191.929706,-727191.929706,-0.000000,-1,122577,-727191.977357,-727193.558603,-727194.238276,-727193.367778,-727194.403130,-727191.929706
58,0.0001000521789,0.01036258842,-727262.159132,-727262.167259,0.016254,0,122545,-727262.159132,-727263.032201,-727263.873525,-727262.698135,-727264.039286,-727262.167259
59,0,0.01,-729843.800304,-729843.800304,0.000000,-1,123170,-729843.877899,-729845.884002,-729846.701562,-729845.673553,-729846.880861,-729843.800304
60,0.002857413598,0.07064477946,-727126.142055,-727126.334581,0.385053,3,122555,-727126.317217,-727126.330015,-727126.929346,-727126.142055,-727127.049188,-727126.334581
61,0.0001008303178,0.01077182099,-727677.959682,-727678.010701,0.102037,0,122647,-727677.959682,-727679.512758,-727820.064094,-727679.376443,-727680.136703,-727678.010701
62,0.003475167727,0.06889624789,-728514.880345,-728516.526825,3.292959,3,122869,-728515.711210,-728514.958915,-728515.307036,-728514.880345,-728515.392647,-728516.526825
63,0.0001010101876,0.01281802232,-723086.314147,-723086.336220,0.044146,0,121734,-723086.314147,-723087.846706,-723088.324364,-723087.753638,-723088.432965,-723086.336220
64,0.0001007943436,0.01078133587,-727352.241071,-727352.290392,0.098641,0,122565,-727352.241071,-727353.493525,-727353.947987,-727353.381638,-727354.049431,-727352.290391
65,0.0003440592305,0.1356542604,-726998.839301,-726999.390985,1.103367,0,122541,-726998.839301,-726999.148453,-726999.630659,-726999.006845,-726999.734910,-726999.390985
66,0,0.01,-726951.499587,-726951.499587,0.000000,-1,122561,-726951.553034,-726951.979907,-726952.589502,-726951.800223,-726952.723389,-726951.499587
67,0.004439523058,0.03609157372,-725760.434848,-725760.839133,0.808571,3,122281,-725760.680207,-725760.458936,-725760.644556,-725760.434848,-725760.696128,-725760.839133
68,0,0.01,-726855.825682,-726855.825682,0.000000,-1,122531,-726855.910864,-726857.760338,-726858.666807,-726857.482553,-726858.859421,-726855.825682
69,0,0.01,-726794.214538,-726794.214538,0.000000,-1,122522,-726794.260607,-726796.242071,-726797.215651,-726795.894429,-726797.421200,-726794.214538
70,0,0.01,-727010.039323,-727010.039323,-0.000000,-1,122527,-727010.069240,-727011.154690,-727011.912075,-727010.905450,-727012.065327,-727010.039323
71,0,0.01,-724311.001680,-724311.001680,-0.000000,-1,122014,-724311.031719,-724312.227577,-724312.754039,-724312.088452,-724312.868815,-724311.001680
72,0.00272509944,0.07785347879,-730696.081061,-730696.462632,0.763142,3,123299,-730696.471534,-730696.240037,-730696.794639,-730696.081061,-730696.911453,-730696.462632
73,0.0001001730111,0.01034656351,-726642.737570,-726642.759290,0.043439,0,122555,-726642.737570,-726645.067679,-726645.806101,-726644.837468,-726645.956699,-726642.759290
74,0,0.01,-727461.817053,-727461.817053,0.000000,-1,122652,-727461.867740,-727463.369290,-727464.187506,-727463.083288,-727464.362942,-727461.817053
75,0.0001002470207,0.01077311629,-727885.024061,-727885.040393,0.032665,0,122692,-727885.024061,-727885.772324,-727886.495020,-727885.515036,-727886.649275,-727885.040393
76,0,0.01,-728345.221163,-728345.221163,-0.000000,-1,122868,-728345.230290,-728346.557761,-728347.312101,-728346.301747,-728347.472327,-728345.221163
77,0.003607427082,0.05159100068,-727199.679907,-727200.145423,0.931031,3,122589,-727199.814302,-727199.755337,-727200.088866,-727199.679907,-727200.167072,-727200.145422
78,0,0.01,-727491.951176,-727491.951176,0.000000,-1,122656,-727491.982318,-727493.592171,-727494.233149,-727493.425225,-727494.375011,-727491.951176
79,0,0.01,-727270.681667,-727270.681667,0.000000,-1,122610,-727270.683121,-727273.024789,-727273.877039,-727272.732887,-727274.069421,-727270.681667
80,0,0.01,-727522.157869,-727522.157869,0.000000,-1,122661,-727522.162778,-727524.033300,-727524.685189,-727523.859879,-727524.825988,-727522.157869
81,0.0001003631104,0.01078870458,-728193.877076,-728193.901278,0.048403,0,122763,-728193.877076,-728195.656785,-728196.181288,-728195.535296,-728196.307935,-728193.901278
82,0.002813938359,0.0714452781,-727530.768593,-727531.064254,0.591322,3,122644,-727531.027515,-727531.097575,-727531.920018,-727530.768593,-727532.056286,-727531.064254
83,0,0.01,-731086.490818,-731086.490818,-0.000000,-1,123429,-731086.514463,-731088.034281,-731088.907099,-731087.739599,-731089.067210,-731086.490818
84,0.003717519732,0.07547291055,-727484.482450,-727487.253777,5.542656,3,122666,-727484.864082,-727484.645205,-727485.133052,-727484.482450,-727485.223417,-727487.253777
85,0.0001002355117,0.01078454643,-728868.273957,-728868.290327,0.032741,0,122898,-728868.273957,-728869.345734,-728869.878244,-728869.201507,-728869.997937,-728868.290327
86,0,0.01,-726027.427622,-726027.427622,-0.000000,-1,122312,-726027.470794,-726028.989478,-726029.689218,-726028.791502,-726029.837700,-726027.427622
87,0,0.01,-727899.543179,-727899.543179,0.000000,-1,122777,-727899.561987,-727899.736241,-727900.276247,-727899.582991,-727900.387671,-727899.543179
88,0.0001000147315,0.01078298396,-725865.818192,-725865.821005,0.005627,0,122286,-725865.818192,-725867.844027,-725868.457887,-725867.689828,-725868.613805,-725865.821005
89,0.00010030115,0.01035059672,-725207.022939,-725207.059826,0.073774,0,122184,-725207.022939,-725208.355234,-725209.025334,-725208.123776,-725209.168990,-725207.059826
90,0,0.01,-727252.012364,-727252.012365,0.000000,-1,122620,-727252.066516,-727253.943044,-727254.767613,-727253.703582,-727254.965220,-727252.012364
91,0,0.01,-728292.422423,-728292.422423,-0.000000,-1,122809,-728292.439687,-728294.463798,-728295.151873,-728294.291068,-728295.312008,-728292.422423
92,0.0001155689887,0.03036054929,-729399.681332,-729399.757281,0.151899,0,122991,-729399.681332,-729400.223790,-729400.578010,-729400.150226,-729400.653145,-729399.757281
93,0,0.01,-726173.909260,-726173.909259,-0.000000,-1,122420,-726173.945282,-726175.914437,-726176.597494,-726175.750952,-726176.763491,-726173.909260
94,0,0.01,-727273.632672,-727273.632672,0.000000,-1,122659,-727273.645040,-727275.427887,-727276.063163,-727275.259150,-727276.205372,-727273.632672
95,0,0.01,-728648.015682,-728648.015682,-0.000000,-1,122851,-728648.055189,-728649.050938,-728649.635930,-728648.894867,-728649.771585,-728648.015682
96,0.0001001431958,0.01077316759,-729258.812350,-729258.822929,0.021158,0,122997,-729258.812350,-729260.222963,-729418.101539,-729260.068876,-729260.932578,-729258.822929
97,0.004498803576,0.05493591382,-728767.710014,-728770.466206,5.512383,3,122924,-728769.229627,-728767.738176,-728767.932489,-728767.710014,-728767.985027,-728770.466206
98,0,0.01,-727279.036436,-727279.036436,-0.000000,-1,122630,-727279.042548,-727280.520944,-727281.114426,-727280.364614,-727281.250083,-727279.036436
99,0.0001002206681,0.01079627327,-728865.093206,-728865.108955,0.031497,0,122906,-728865.093206,-728866.155555,-728866.693259,-728866.003648,-728866.806283,-728865.108955
100,0.0001008728724,0.0107552044,-728824.328972,-728824.382275,0.106605,0,122854,-728824.328972,-728825.798681,-728826.337224,-728825.627413,-728826.455847,-728824.382275
101,0.0001007906263,0.01078321334,-729023.006711,-729023.056149,0.098875,0,122990,-729023.006711,-729024.572162,-729025.043067,-729024.458373,-729025.152988,-729023.056149
102,0.0001079911502,0.01689756551,-730011.366685,-730011.433720,0.134070,0,123186,-730011.366685,-730012.259108,-730012.639343,-730012.182232,-730012.724527,-730011.433720
103,0,0.01,-727762.280326,-727762.280326,-0.000000,-1,122667,-727762.291193,-727764.191276,-727765.055737,-727763.892009,-727765.244527,-727762.280326
104,0,0.01,-725174.459453,-725174.459453,-0.000000,-1,122179,-725174.473702,-725176.946032,-725177.815893,-725176.661553,-725178.036278,-725174.459453
105,0.0001003439935,0.010379188,-725990.106733,-725990.149423,0.085379,0,122370,-725990.106733,-725990.960182,-725991.628851,-725990.729127,-725991.764412,-725990.149423
106,0.0001001102524,0.01036837619,-727788.719644,-727788.734633,0.029978,0,122715,-727788.719644,-727791.031433,-727791.727874,-727790.838248,-727791.883768,-727788.734633
107,0.0001002899785,0.01079253607,-725037.662117,-725037.681989,0.039744,0,122184,-725037.662117,-725038.344443,-725038.879419,-725038.193310,-725038.988411,-725037.681989
108,0,0.01,-729316.762784,-729316.762784,-0.000000,-1,123057,-729316.806097,-729318.177048,-729318.845375,-729317.990131,-729318.994062,-729316.762784
109,0,0.01,-726996.198286,-726996.198286,-0.000000,-1,122587,-726996.235282,-726998.413245,-726999.186360,-726998.190627,-726999.376854,-726996.198286
110,0,0.01,-727833.459267,-727833.459267,0.000000,-1,122728,-727833.462378,-727835.026168,-727835.727136,-727834.808726,-727835.865362,-727833.459267
111,0,0.01,-731147.753774,-731147.753774,-0.000000,-1,123365,-731147.808326,-731150.107527,-731150.947923,-731149.915490,-731151.151566,-731147.753774
112,0,0.01,-727700.902780,-727700.902780,-0.000000,-1,122743,-727700.910788,-727702.559417,-727703.101242,-727702.416496,-727703.232745,-727700.902780
113,0,0.01,-729332.747292,-729332.747292,0.000000,-1,122992,-729332.762306,-729334.046766,-729334.752836,-729333.826510,-729334.903450,-729332.747292
114,0.0001049925319,0.0135676111,-727429.644581,-727429.717029,0.144895,0,122623,-727429.644581,-727430.711657,-727431.100515,-727430.633382,-727431.197949,-727429.717029
115,0,0.01,-729756.347933,-729756.347933,-0.000000,-1,123110,-729756.364698,-729758.304261,-729759.009533,-729758.114100,-729759.188102,-729756.347933
116,0,0.01,-727221.289610,-727221.289610,0.000000,-1,122592,-727221.290170,-727222.723968,-727223.233044,-727222.607645,-727223.349164,-727221.289610
117,0,0.01,-728073.127941,-728073.127941,0.000000,-1,122768,-728073.215261,-728074.881767,-728075.652897,-728074.681961,-728075.819735,-728073.127941
118,0.002597924764,0.1011376417,-727273.869529,-727275.343186,2.947314,3,122614,-727274.151286,-727274.048293,-727274.638360,-727273.869529,-727274.766285,-727275.343186
119,0.000112216053,0.01581132451,-726554.444718,-726554.551413,0.213389,0,122398,-726554.444718,-726554.760599,-726555.067693,-726554.682554,-726555.145645,-726554.551413
120,0.0001004025283,0.01075735751,-727048.664638,-727048.690054,0.050831,0,122573,-727048.664638,-727050.246357,-727050.935200,-727050.013741,-727051.085711,-727048.690054
121,0.0001004282341,0.01080250536,-726834.818127,-726834.846349,0.056445,0,122493,-726834.818127,-726836.354468,-726836.835587,-726836.241550,-726836.945254,-726834.846349
122,0,0.01,-727217.825468,-727217.825468,-0.000000,-1,122663,-727217.877682,-727219.920075,-727220.696832,-727219.704524,-727220.869407,-727217.825468
123,0.002936194654,0.08339614839,-727141.056708,-727142.707863,3.302310,3,122622,-727141.779143,-727141.180144,-727141.630211,-727141.056708,-727141.728672,-727142.707863
124,0,0.01,-726701.816140,-726701.816140,0.000000,-1,122552,-726701.829065,-726703.172356,-726703.751983,-726703.012397,-726703.882902,-726701.816140
125,0,0.01,-725466.507246,-725466.507246,-0.000000,-1,122259,-725466.536014,-725468.539602,-725469.285136,-725468.333921,-725469.448288,-725466.507246
126,0.0001009243386,0.01078663683,-725063.124333,-725063.181400,0.114135,0,122157,-725063.124333,-725063.706094,-725064.074946,-725063.617759,-725064.154843,-725063.181400
127,0,0.01,-731112.428363,-731112.428363,-0.000000,-1,123370,-731112.431974,-731114.750898,-731115.687145,-731114.397117,-731115.900076,-731112.428363
128,0,0.01,-726385.383444,-726385.383444,0.000000,-1,122444,-726385.418989,-726386.754063,-726387.322846,-726386.613144,-726387.452728,-726385.383444
129,0,0.01,-727920.873346,-727920.873346,0.000000,-1,122755,-727920.908025,-727922.691020,-727923.368388,-727922.507886,-727923.515108,-727920.873346
130,0.003693731812,0.05814362707,-726960.142658,-726961.451956,2.618598,3,122547,-726960.749205,-726960.207871,-726960.494813,-726960.142658,-726960.563644,-726961.451956
131,0.0001003861872,0.01078143583,-727150.813142,-727150.838511,0.050738,0,122619,-727150.813142,-727151.302117,-727151.938760,-727151.093732,-727152.070173,-727150.838511
132,0,0.01,-726283.325826,-726283.325826,-0.000000,-1,122398,-726283.347323,-726284.190606,-726284.928106,-726283.940414,-726285.069892,-726283.325826
133,0,0.01,-729637.753751,-729637.753751,0.000000,-1,123049,-729637.808957,-729639.508104,-729640.394021,-729639.207070,-729640.585112,-729637.753751
134,0,0.01,-723736.455759,-723736.455759,0.000000,-1,121903,-723736.489443,-723737.596447,-723738.398200,-723737.299414,-723738.559275,-723736.455759
135,0,0.01,-727506.279758,-727506.279758,-0.000000,-1,122641,-727506.299635,-727508.097149,-727508.797846,-727507.867085,-727508.955607,-727506.279758
136,0.000100000891,0.01038481436,-727389.251065,-727389.253588,0.005047,0,122613,-727389.251065,-727391.229367,-727391.890867,-727391.055867,-727392.050421,-727389.253588
137,0,0.01,-723799.758377,-723799.758377,-0.000000,-1,121915,-723799.771470,-723801.474559,-723802.231023,-723801.219065,-723802.396468,-723799.758377
138,0,0.01,-727243.858299,-727243.858300,0.000000,-1,122620,-727243.918465,-727245.703798,-727246.554524,-727245.436451,-727246.746221,-727243.858299
139,0,0.01,-726193.220394,-726193.220394,0.000000,-1,122444,-726193.235182,-726195.425975,-726196.235788,-726195.164248,-726196.417718,-726193.220394
140,0.003372059547,0.06552999212,-728947.533180,-728948.830604,2.594849,3,122927,-728947.952851,-728947.655401,-728948.096097,-728947.533180,-728948.181361,-728948.830605
141,0.0001001677187,0.01077134664,-724117.222177,-724117.234086,0.023818,0,121949,-724117.222177,-724118.146642,-724118.706925,-724117.988350,-724118.830971,-724117.234086
142,0,0.01,-726005.894703,-726005.894703,-0.000000,-1,122351,-726005.925634,-726007.434766,-726008.251262,-726007.166915,-726008.424577,-726005.894703
143,0,0.01,-729696.625621,-729696.625621,-0.000000,-1,123109,-729696.665907,-729698.629023,-729699.524740,-729698.346483,-729699.722631,-729696.625621
144,0,0.01,-727287.983149,-727287.983149,0.000000,-1,122589,-727288.002066,-727290.388384,-727291.163553,-727290.171784,-727291.354490,-727287.983149
145,0,0.01,-728486.980317,-728486.980317,-0.000000,-1,122864,-728487.050143,-728488.874382,-728489.701746,-728488.641672,-728489.883657,-728486.980317
146,0,0.01,-726143.069278,-726143.069278,-0.000000,-1,122412,-726143.076402,-726145.230482,-726145.999031,-726145.003316,-726146.180987,-726143.069278
147,0.002568912812,0.08277835085,-727096.003960,-727096.945880,1.883839,3,122624,-727096.962289,-727096.135682,-727096.630663,-727096.003960,-727096.730499,-727096.945880
148,0,0.01,-730340.270138,-730340.270138,-0.000000,-1,123200,-730340.293335,-730342.750767,-730343.605502,-730342.514510,-730343.802425,-730340.270138
149,0,0.01,-728816.596337,-728816.596337,-0.000000,-1,122869,-728816.621653,-728818.736897,-728819.456264,-728818.534022,-728819.625380,-728816.596337
150,0,0.01,-726228.416838,-726228.416838,-0.000000,-1,122403,-726228.453690,-726230.407559,-726231.219522,-726230.136259,-726231.416109,-726228.416838
151,0,0.01,-727169.696997,-727169.696997,0.000000,-1,122588,-727169.710982,-727171.660168,-727172.363575,-727171.467461,-727172.524393,-727169.696997
152,0.000100024795,0.01036618442,-727030.084724,-727030.089567,0.009687,0,122541,-727030.084724,-727031.115913,-727031.933754,-727030.840553,-727032.094607,-727030.089567
153,0,0.01,-727950.166612,-727950.166613,0.000000,-1,122744,-727950.198033,-727952.203685,-727952.898614,-727952.023285,-727953.058219,-727950.166612
154,0.0001004174068,0.01076587684,-726859.178413,-726859.205189,0.053552,0,122528,-726859.178413,-726860.961411,-726861.498963,-726860.817124,-726861.627780,-726859.205189
155,0,0.01,-727313.681076,-727313.681076,0.000000,-1,122631,-727313.718703,-727316.089601,-727316.970384,-727315.825220,-727317.183917,-727313.681076
156,0,0.01,-730344.516050,-730344.516050,-0.000000,-1,123218,-730344.554295,-730346.881981,-730347.806999,-730346.594807,-730348.012294,-730344.516050
157,0.002912043401,0.06573621071,-726893.245712,-726893.485958,0.480492,3,122447,-726893.478251,-726893.351521,-726893.763476,-726893.245712,-726893.854005,-726893.485958
158,0.002619222037,0.07501498431,-726436.075682,-726436.382154,0.612944,3,122464,-726436.389254,-726436.209916,-726436.702340,-726436.075682,-726436.808554,-726436.382154
159,0,0.01,-728614.491476,-728614.491476,0.000000,-1,122852,-728614.508017,-728616.712604,-728617.512410,-728616.491665,-728617.693179,-728614.491476
160,0.004388591001,0.06093512091,-725919.093233,-725922.365727,6.544988,3,122343,-725920.952991,-725919.095074,-725919.202608,-725919.093233,-725919.234171,-725922.365727
161,0,0.01,-728276.977387,-728276.977387,0.000000,-1,122808,-728277.022780,-728279.065405,-728279.835360,-728278.869554,-728280.014727,-728276.977387
162,0.0001565461969,0.03764344446,-725288.785340,-725288.938110,0.305539,0,122161,-725288.785340,-725288.874574,-725289.153699,-725288.810719,-725289.223239,-725288.938110
163,0.0001000420221,0.01076721627,-726594.721142,-726594.725511,0.008739,0,122434,-726594.721142,-726596.151892,-726596.756818,-726595.977691,-726596.890621,-726594.725511
164,0.00254909065,0.07853329858,-728554.284487,-728554.547436,0.525897,3,122830,-728554.547195,-728554.463131,-728555.037774,-728554.284487,-728555.152454,-728554.547436
165,0.0001006381023,0.01077367017,-724488.918697,-724488.958727,0.080060,0,122044,-724488.918697,-724489.131695,-724489.603861,-724488.979751,-724489.703842,-724488.958727
166,0,0.01,-727335.460588,-727335.460588,0.000000,-1,122624,-727335.493183,-727337.644721,-727338.433237,-727337.440006,-727338.611208,-727335.460588
167,0.0001003712107,0.0103722805,-728774.874548,-728774.920446,0.091796,0,122898,-728774.874548,-728775.817861,-728776.495806,-728775.581432,-728776.637427,-728774.920446
168,0.0001000285252,0.0108030732,-725617.383575,-725617.388099,0.009048,0,122320,-725617.383575,-725618.184326,-725618.658216,-725618.063495,-725618.759329,-725617.388099
169,0,0.01,-728467.874712,-728467.874712,-0.000000,-1,122806,-728467.916231,-728470.247419,-728471.118953,-728470.017411,-728471.330931,-728467.874712
170,9.997126668e-05,0.01077010928,-725817.683594,-725817.683832,0.000475,0,122341,-725817.683594,-725818.319235,-725818.975370,-725818.098438,-725819.111682,-725817.683832
171,0.0001067114321,0.01715626578,-725810.180514,-725810.239279,0.117529,0,122393,-725810.180514,-725811.106676,-725811.489132,-725811.026421,-725811.574069,-725810.239279
172,0.0001001489313,0.01035377857,-727789.660771,-727789.679765,0.037987,0,122746,-727789.660771,-727791.578386,-727792.368580,-727791.306652,-727792.542333,-727789.679765
173,0.0001006173685,0.01076706648,-729933.747911,-729933.786571,0.077319,0,123150,-729933.747911,-729934.455487,-729934.929634,-729934.319574,-729935.034808,-729933.786571
174,9.996427876e-05,0.01081343172,-728650.834427,-728650.835345,0.001836,0,122874,-728650.834427,-728651.678841,-728652.235943,-728651.519242,-728652.356151,-728650.835345
175,0.0001007332594,0.01077052715,-726249.089514,-726249.134823,0.090619,0,122397,-726249.089514,-726250.207603,-726250.702399,-726250.070195,-726250.820798,-726249.134823
176,0,0.01,-727392.043133,-727392.043133,0.000000,-1,122665,-727392.072154,-727392.868486,-727393.392976,-727392.734439,-727393.496527,-727392.043133
177,0.0001004179705,0.01081162645,-729269.967827,-729269.995564,0.055474,0,122973,-729269.967827,-729271.525290,-729272.031842,-729271.416946,-729272.147462,-729269.995564
178,0,0.01,-727836.209484,-727836.209484,-0.000000,-1,122735,-727836.239657,-727838.428922,-727839.178325,-727838.238456,-727839.344449,-727836.209484
179,0,0.01,-729131.032276,-729131.032276,0.000000,-1,122946,-729131.117131,-729132.265946,-729132.856244,-729132.115091,-729133.003956,-729131.032276
180,0.004203930738,0.06595486031,-727559.355309,-727562.029816,5.349014,3,122680,-727560.066321,-727559.508526,-727559.944372,-727559.355309,-727560.020296,-727562.029816
181,0.0001000443523,0.01037143045,-727179.916535,-727179.924145,0.015220,0,122571,-727179.916535,-727180.917788,-727181.625808,-727180.673148,-727181.763094,-727179.924145
182,0.003297518143,0.08309850459,-728078.460902,-728080.533865,4.145927,3,122775,-728079.131510,-728078.634960,-728079.236318,-728078.460902,-728079.352176,-728080.533865
183,0,0.01,-728557.123439,-728557.123439,-0.000000,-1,122866,-728557.179881,-728559.554011,-728560.464581,-728559.331391,-728560.674280,-728557.123439
184,0.0001029465055,0.01493269869,-725608.144579,-725608.181892,0.074626,0,122317,-725608.144579,-725609.252980,-725609.703450,-725609.154351,-725609.815602,-725608.181892
185,0.0001002553861,0.01078563389,-729948.838798,-729948.856127,0.034659,0,123062,-729948.838798,-729949.836825,-729950.432438,-729949.660960,-729950.569579,-729948.856127
186,0.0001197405097,0.02566107159,-728426.132411,-728426.222616,0.180411,0,122863,-728426.132411,-728426.599832,-728426.933652,-728426.527218,-728427.010942,-728426.222616
187,0.0001010979326,0.01076513558,-729823.425670,-729823.492947,0.134554,0,123077,-729823.425670,-729824.501686,-729825.029286,-729824.338678,-729825.149760,-729823.492947
188,0,0.01,-728804.689051,-728804.689051,-0.000000,-1,122899,-728804.743517,-728806.495708,-728807.303048,-728806.267358,-728807.482762,-728804.689051
189,0.0001187224862,0.02372125499,-729673.090725,-729673.181006,0.180563,0,123106,-729673.090725,-729673.513643,-729673.872634,-729673.430918,-729673.958474,-729673.181006
190,0.0001002217515,0.01036718664,-729836.241345,-729836.269853,0.057017,0,123172,-729836.241345,-729837.981395,-729838.570621,-729837.784454,-729838.701967,-729836.269853
191,0.0001000468696,0.01037610838,-725356.435159,-725356.442799,0.015281,0,122243,-725356.435159,-725358.405376,-725359.100023,-725358.209075,-725359.239987,-725356.442799
192,0,0.01,-727985.154421,-727985.154421,-0.000000,-1,122747,-727985.197567,-727985.628566,-727986.357851,-727985.388273,-727986.506300,-727985.154421
193,0.0001002651171,0.01037284867,-727854.955963,-727854.989501,0.067075,0,122770,-727854.955963,-727856.927517,-727857.542816,-727856.736462,-727857.687318,-727854.989501
194,0,0.01,-726321.266441,-726321.266442,0.000000,-1,122419,-726321.297387,-726323.057542,-726323.686330,-726322.905777,-726323.838721,-726321.266441
195,0.0002870515808,0.1085194964,-726300.680450,-726301.001581,0.642263,0,122358,-726300.680450,-726300.811549,-726301.192928,-726300.720001,-726301.284241,-726301.001581
196,0,0.01,-728534.247757,-728534.247757,0.000000,-1,122853,-728534.271498,-728536.320332,-728537.224070,-728536.014409,-728537.404759,-728534.247757
197,0.0001000750396,0.01036090859,-727709.853085,-727709.863410,0.020650,0,122662,-727709.853085,-727712.370944,-727713.150645,-727712.160906,-727713.316461,-727709.863410
198,0,0.01,-726679.003346,-726679.003346,0.000000,-1,122517,-726679.027959,-726681.115839,-726681.986937,-726680.796372,-726682.188824,-726679.003346
199,0,0.01,-726820.940112,-726820.940112,-0.000000,-1,122563,-726820.941272,-726822.525752,-726823.045481,-726822.417838,-726823.167660,-726820.940112
200,0,0.01,-727806.475339,-727806.475339,-0.000000,-1,122693,-727806.539817,-727808.768474,-727809.736578,-727808.452663,-727809.968950,-727806.475339
201,0.003316075023,0.07621275637,-728164.858588,-728166.521014,3.324852,3,122795,-728165.197939,-728165.062426,-728165.644208,-728164.858588,-728165.748118,-728166.521014
202,0.0001000789554,0.01034988088,-728815.365687,-728815.376344,0.021315,0,122894,-728815.365687,-728817.573568,-728818.335246,-728817.330958,-728818.496062,-728815.376344
203,0,0.01,-728100.722204,-728100.722204,0.000000,-1,122813,-728100.804256,-728102.518749,-728103.190269,-728102.371241,-728103.355424,-728100.722204
204,0.0001008829548,0.0107860443,-729135.309506,-729135.364621,0.110228,0,123011,-729135.309506,-729136.036190,-729136.469921,-729135.924751,-729136.566969,-729135.364621
205,0,0.01,-727468.177374,-727468.177374,-0.000000,-1,122608,-727468.193944,-727470.631889,-727471.510487,-727470.369971,-727471.698077,-727468.177374
206,0,0.01,-727741.968065,-727741.968065,0.000000,-1,122670,-727742.012368,-727744.032534,-727745.022485,-727743.705044,-727745.226427,-727741.968065
207,0,0.01,-724776.788010,-724776.788010,-0.000000,-1,122080,-724776.859109,-724778.634908,-724779.446280,-724778.416223,-724779.634155,-724776.788010
208,0.0001000930239,0.01037294811,-730128.040364,-730128.053504,0.026280,0,123173,-730128.040364,-730130.321349,-730130.996361,-730130.170400,-730131.154808,-730128.053504
209,0.002999622053,0.0784552451,-729354.161834,-729355.662405,3.001141,3,123054,-729354.380217,-729354.345044,-729354.921598,-729354.161834,-729355.028506,-729355.662405
210,0,0.01,-726118.931821,-726118.931821,-0.000000,-1,122335,-726118.964504,-726119.791213,-726120.883138,-726119.289827,-726121.082253,-726118.931821
211,0.0001000417882,0.01037247643,-727427.542432,-727427.549680,0.014498,0,122675,-727427.542432,-727429.382037,-727430.091725,-727429.151042,-727430.268766,-727427.549680
212,0.0001007113799,0.01077171571,-726876.980929,-726877.025244,0.088630,0,122504,-726876.980929,-726877.226901,-726877.732478,-726877.067840,-726877.836676,-726877.025244
213,0,0.01,-729441.351571,-729441.351571,0.000000,-1,123121,-729441.353769,-729442.380154,-729443.108344,-729442.111983,-729443.252907,-729441.351571
214,0,0.01,-726041.823853,-726041.823853,0.000000,-1,122352,-726041.846857,-726043.865010,-726044.575211,-726043.667053,-726044.724457,-726041.823853
215,0.0003624875833,0.1096903673,-726697.805442,-726698.299653,0.988423,0,122533,-726697.805442,-726697.970078,-726698.240993,-726697.909276,-726698.305939,-726698.299653
216,0,0.01,-729379.173280,-729379.173280,-0.000000,-1,123066,-729379.232723,-729381.464337,-729382.436666,-729381.180822,-729382.661306,-729379.173280
217,0,0.01,-727532.688772,-727532.688772,-0.000000,-1,122649,-727532.700882,-727535.055758,-727535.942865,-727534.768929,-727536.126908,-727532.688772
218,0.0001000079088,0.01077595662,-724973.266197,-724973.268791,0.005189,0,122086,-724973.266197,-724974.557742,-724975.198569,-724974.370060,-724975.341954,-724973.268791
219,0,0.01,-729130.644471,-729130.644471,0.000000,-1,122973,-729130.661310,-729132.720848,-729133.482013,-729132.472234,-729133.661547,-729130.644471
220,0.0001158633105,0.02961179778,-727642.898760,-727642.973759,0.149998,0,122746,-727642.898760,-727643.433413,-727643.787834,-727643.354782,-727643.869757,-727642.973759
221,0,0.01,-727509.228173,-727509.228173,-0.000000,-1,122675,-727509.253874,-727511.151785,-727511.822582,-727510.981949,-727511.962500,-727509.228173
222,0.0001007563976,0.01078536836,-728863.199242,-728863.246586,0.094688,0,122954,-728863.199242,-728864.348958,-728864.814386,-728864.221909,-728864.920673,-728863.246586
223,0.0001009776131,0.01077037204,-725944.079620,-725944.139476,0.119712,0,122314,-725944.079620,-725944.709115,-725945.164838,-725944.562189,-725945.268584,-725944.139476
224,0,0.01,-729195.535576,-729195.535576,0.000000,-1,122988,-729195.559598,-729197.371153,-729198.220375,-729197.102478,-729198.412110,-729195.535576
225,0,0.01,-729385.823466,-729385.823466,-0.000000,-1,123061,-729385.912943,-729387.526112,-729388.262301,-729387.336185,-729388.424219,-729385.823466
226,0.0002502598174,0.1087863444,-727310.431910,-727310.679345,0.494871,0,122600,-727310.431910,-727310.955371,-727311.402549,-727310.835453,-727311.500878,-727310.679345
227,9.998220954e-05,0.01079799083,-729080.715217,-729080.717212,0.003990,0,122995,-729080.715217,-729081.137554,-729081.734639,-729080.942015,-729081.850317,-729080.717212
228,0.0001069551156,0.02456420316,-726652.379654,-726652.427633,0.095958,0,122525,-726652.379654,-726653.217067,-726653.626551,-726653.134709,-726653.707197,-726652.427632
229,0,0.01,-729151.165633,-729151.165633,-0.000000,-1,122972,-729151.201422,-729153.424013,-729154.255842,-729153.194915,-729154.451516,-729151.165633
230,0.0001004726982,0.01079114301,-726426.727624,-726426.758082,0.060915,0,122422,-726426.727624,-726427.578629,-726428.059623,-726427.454288,-726428.164132,-726426.758082
231,0.0001000353872,0.0107675559,-725182.208420,-725182.212653,0.008467,0,122202,-725182.208420,-725183.011625,-725183.578749,-725182.834882,-725183.694683,-725182.212654
232,0.0001004630634,0.01079626773,-727825.907467,-727825.937696,0.060458,0,122734,-727825.907467,-727826.935659,-727827.411818,-727826.822575,-727827.517819,-727825.937696
233,0,0.01,-727259.277733,-727259.277733,-0.000000,-1,122548,-727259.322070,-727261.235900,-727262.014407,-727261.021909,-727262.191212,-727259.277733
234,0.0001001833659,0.01036145492,-728408.022811,-728408.046213,0.046805,0,122846,-728408.022811,-728409.873825,-728410.551883,-728409.670481,-728410.694422,-728408.046213
235,0,0.01,-729692.601920,-729692.601920,-0.000000,-1,123063,-729692.629022,-729693.944164,-729694.529391,-729693.782290,-729694.649823,-729692.601920
236,0,0.01,-726776.758695,-726776.758696,0.000000,-1,122526,-726776.799495,-726778.258521,-726778.886059,-726778.090429,-726779.046190,-726776.758695
237,0,0.01,-725348.481485,-725348.481485,-0.000000,-1,122224,-725348.487837,-725349.692334,-725350.300640,-725349.527183,-725350.440624,-725348.481485
238,0,0.01,-728843.190360,-728843.190360,0.000000,-1,122928,-728843.250142,-728845.554851,-728846.516112,-728845.238054,-728846.751859,-728843.190360
239,0.0001003153965,0.0103420747,-728101.581255,-728101.619531,0.076551,0,122754,-728101.581255,-728104.032434,-728104.784111,-728103.766375,-728104.961190,-728101.619531
240,0,0.01,-726606.062791,-726606.062791,0.000000,-1,122519,-726606.092073,-726608.482987,-726609.262233,-726608.307675,-726609.446941,-726606.062791
241,0,0.01,-729047.626821,-729047.626821,-0.000000,-1,122989,-729047.663716,-729050.143188,-729051.051193,-729049.877865,-729051.232078,-729047.626821
242,0.0001025876903,0.0128107021,-730375.229329,-730375.278272,0.097885,0,123249,-730375.229329,-730376.203914,-730376.628963,-730376.103612,-730376.721247,-730375.278272
243,0.003528241185,0.0583322544,-729866.477226,-729867.172007,1.389563,3,123152,-729866.701644,-729866.584886,-729866.983727,-729866.477226,-729867.082669,-729867.172007
244,0,0.01,-725707.048226,-725707.048226,0.000000,-1,122231,-725707.075841,-725708.691928,-725709.427409,-725708.493101,-725709.582426,-725707.048226
245,9.966819629e-05,0.01372245972,-729984.019057,-729984.021277,0.004439,0,123161,-729984.019057,-729985.619849,-729986.126543,-729985.514320,-729986.247826,-729984.021277
246,0.003536652362,0.07308080958,-729175.032138,-729176.907784,3.751291,3,122991,-729175.866230,-729175.125668,-729175.494386,-729175.032138,-729175.566481,-729176.907784
247,0.0001011243572,0.01073829268,-729201.091365,-729201.159327,0.135924,0,122988,-729201.091365,-729202.662091,-729203.176344,-729202.497876,-729203.297502,-729201.159327
248,0,0.01,-727321.066164,-727321.066164,-0.000000,-1,122632,-727321.106017,-727322.242852,-727322.832012,-727322.076245,-727322.978332,-727321.066164
249,0.0001000935761,0.01035647704,-727483.031436,-727483.044213,0.025553,0,122708,-727483.031436,-727485.179205,-727485.933386,-727484.916199,-727486.104522,-727483.044213
250,0,0.01,-727745.088458,-727745.088458,0.000000,-1,122755,-727745.119909,-727746.953198,-727747.757074,-727746.687654,-727747.938366,-727745.088458
251,0.000251272242,0.1033283628,-727193.837511,-727194.077296,0.479570,0,122597,-727193.837511,-727194.208494,-727194.597019,-727194.122117,-727194.684122,-727194.077296
252,0.00289001936,0.07647385433,-726675.038544,-726675.791689,1.506291,3,122562,-726675.761366,-726675.303425,-726675.992509,-726675.038544,-726676.112438,-726675.791689
253,0.0007313566768,0.2383493987,-727989.942806,-727992.352294,4.818976,0,122771,-727989.942806,-727990.613255,-727991.193817,-727990.387739,-727991.300523,-727992.352294
254,0.0001001876292,0.01078469323,-725730.185611,-725730.199086,0.026951,0,122294,-725730.185611,-725731.511779,-725732.075817,-725731.359299,-725732.203125,-725730.199086
255,0.0001000331388,0.01037953698,-725953.433311,-725953.439669,0.012717,0,122377,-725953.433311,-725955.294998,-725955.979305,-725955.089711,-725956.151884,-725953.439669
256,0.0001003931204,0.01076780609,-728773.324657,-728773.349523,0.049732,0,122857,-728773.324657,-728774.986377,-728775.591022,-728774.819926,-728775.736647,-728773.349523
257,0,0.01,-728975.628481,-728975.628481,-0.000000,-1,122958,-728975.655883,-728977.682107,-728978.468712,-728977.442924,-728978.654721,-728975.628481
258,0,0.01,-728862.966094,-728862.966094,-0.000000,-1,122908,-728862.978521,-728865.048703,-728865.851106,-728864.818627,-728866.025105,-728862.966094
259,9.999872661e-05,0.01246547726,-729989.651839,-729989.656664,0.009650,0,123175,-729989.651839,-729990.660110,-729991.187981,-729990.524673,-729991.318351,-729989.656664
260,0.0001004192888,0.01079112211,-728863.656091,-728863.683520,0.054858,0,122915,-728863.656091,-728864.341211,-728864.874937,-728864.179265,-728864.990825,-728863.683520
261,0,0.01,-726086.194701,-726086.194701,-0.000000,-1,122366,-726086.233804,-726088.534328,-726089.347236,-726088.314912,-726089.530465,-726086.194701
262,0.0001001018767,0.01079461947,-729650.432106,-729650.441012,0.017812,0,123084,-729650.432106,-729651.678034,-729652.172859,-729651.557693,-729652.290381,-729650.441012
263,0,0.01,-728207.252427,-728207.252427,0.000000,-1,122813,-728207.287466,-728208.673559,-728209.530909,-728208.356224,-728209.722444,-728207.252427
264,0,0.01,-725840.585769,-725840.585769,-0.000000,-1,122332,-725840.620955,-725841.333747,-725842.105668,-725841.067622,-725842.270657,-725840.585769
265,0,0.01,-728269.018832,-728269.018832,0.000000,-1,122808,-728269.059428,-728270.927004,-728271.583344,-728270.765099,-728271.747393,-728269.018832
266,0,0.01,-726216.453704,-726216.453704,-0.000000,-1,122380,-726216.488276,-726218.068899,-726218.720141,-726217.884787,-726218.862684,-726216.453704
267,0.0001033398161,0.01702577554,-727239.720135,-727239.754807,0.069344,0,122644,-727239.720135,-727240.445661,-727240.906194,-727240.325688,-727241.019878,-727239.754807
268,0.0001011932556,0.01074939308,-728625.964698,-728626.036942,0.144488,0,122838,-728625.964698,-728627.327476,-728627.783840,-728627.203063,-728627.892493,-728626.036942
269,0.003814003212,0.05835945706,-726764.541394,-726766.137215,3.191641,3,122527,-726764.699330,-726764.631207,-726764.941834,-726764.541394,-726765.007992,-726766.137215
270,0.0001001915637,0.01080072033,-729174.547717,-729174.561821,0.028208,0,122979,-729174.547717,-729175.274504,-729175.958143,-729175.038384,-729176.094077,-729174.561821
271,0.0001001335042,0.01037576458,-726959.155386,-726959.173506,0.036240,0,122607,-726959.155386,-726961.195578,-726961.809813,-726961.031067,-726961.937417,-726959.173506
272,0,0.01,-728604.037034,-728604.037034,-0.000000,-1,122877,-728604.053465,-728605.947975,-728606.602106,-728605.780537,-728606.763965,-728604.037034
273,0,0.01,-727621.625555,-727621.625555,-0.000000,-1,122651,-727621.630902,-727622.861663,-727623.431016,-727622.687189,-727623.562924,-727621.625555
274,0.0001017607464,0.01942549194,-726815.218512,-726815.242120,0.047216,0,122487,-726815.218512,-726816.237995,-726816.680900,-726816.133424,-726816.795335,-726815.242120
275,0.0001001074302,0.01037314758,-730311.716402,-730311.731078,0.029351,0,123195,-730311.716402,-730313.864561,-730314.546786,-730313.681723,-730314.687003,-730311.731078
276,0,0.01,-727885.510389,-727885.510389,-0.000000,-1,122729,-727885.523282,-727887.958461,-727888.713254,-727887.804902,-727888.908739,-727885.510389
277,0.003308982915,0.07048399229,-726946.835723,-726947.962568,2.253689,3,122471,-726947.921588,-726947.039983,-726947.612272,-726946.835723,-726947.717768,-726947.962568
278,0,0.01,-727600.465257,-727600.465257,-0.000000,-1,122697,-727600.480330,-727602.615338,-727603.489457,-727602.303260,-727603.687968,-727600.465257
279,0,0.01,-728281.599851,-728281.599852,0.000000,-1,122767,-728281.625783,-728283.015572,-728283.552182,-728282.884968,-728283.674729,-728281.599851
280,0,0.01,-731333.602559,-731333.602559,0.000000,-1,123461,-731333.620973,-731336.080480,-731336.984707,-731335.801327,-731337.172414,-731333.602559
281,9.923700012e-05,0.05047100367,-724415.376903,-724415.419102,0.084398,0,122011,-724415.376903,-724415.979281,-724416.396527,-724415.878593,-724416.493706,-724415.419102
282,0,0.01,-729751.837227,-729751.837227,-0.000000,-1,123074,-729751.839964,-729753.811504,-729754.578778,-729753.563009,-729754.748665,-729751.837227
283,0,0.01,-726658.327889,-726658.327889,0.000000,-1,122480,-726658.368020,-726660.047405,-726660.724185,-726659.858264,-726660.874097,-726658.327889
284,0.0001000191215,0.01035616746,-727270.389450,-727270.393325,0.007750,0,122584,-727270.389450,-727271.980915,-727272.788271,-727271.705646,-727272.969624,-727270.393325
285,0.0001001746794,0.01036442903,-728940.574831,-728940.597351,0.045039,0,122933,-728940.574831,-728942.763065,-728943.454751,-728942.567838,-728943.601921,-728940.597351
286,0.0001010576616,0.01077643014,-732708.031691,-732708.097033,0.130684,0,123701,-732708.031691,-732708.388597,-732708.857285,-732708.236339,-732708.963482,-732708.097033
287,0.0001000278015,0.01038007955,-730000.238915,-730000.244686,0.011542,0,123138,-730000.238915,-730002.057034,-730002.681730,-730001.884137,-730002.823746,-730000.244686
288,9.999546125e-05,0.01034164726,-727367.458971,-727367.459507,0.001072,0,122595,-727367.458971,-727369.795949,-727370.640020,-727369.497715,-727370.826774,-727367.459507
289,0.0001003027847,0.0107707149,-730042.731159,-730042.751040,0.039762,0,123177,-730042.731159,-730044.552983,-730045.134411,-730044.401163,-730045.267017,-730042.751040
290,0,0.01,-725040.510141,-725040.510141,0.000000,-1,122253,-725040.529479,-725042.478294,-725043.109546,-725042.324769,-725043.251974,-725040.510141
291,0,0.01,-727748.676717,-727748.676717,0.000000,-1,122736,-727748.678772,-727750.803985,-727751.560416,-727750.577369,-727751.723560,-727748.676717
292,0.0001003894551,0.01077671705,-729210.554255,-729210.579492,0.050473,0,122987,-729210.554255,-729211.470187,-729212.020735,-729211.299755,-729212.134122,-729210.579492
293,0.003705445325,0.0554075403,-726763.769697,-726764.056351,0.573309,3,122472,-726763.985208,-726763.943966,-726764.435737,-726763.769697,-726764.533470,-726764.056351
294,0,0.01,-728689.046770,-728689.046770,-0.000000,-1,122864,-728689.066099,-728691.172450,-728691.981392,-728690.938897,-728692.174608,-728689.046770
295,0,0.01,-731406.299864,-731406.299864,-0.000000,-1,123463,-731406.333420,-731408.440936,-731409.204389,-731408.230043,-731409.404990,-731406.299864
296,0.0001003839696,0.01036832923,-729104.028366,-729104.075799,0.094866,0,122978,-729104.028366,-729105.106925,-729105.682133,-729104.921168,-729105.810974,-729104.075799
297,0,0.01,-726340.055034,-726340.055033,-0.000000,-1,122402,-726340.096424,-726342.304578,-726343.079040,-726342.122647,-726343.269274,-726340.055034
298,0,0.01,-725257.846364,-725257.846364,-0.000000,-1,122205,-725257.879905,-725259.792865,-725260.456985,-725259.628585,-725260.614483,-725257.846364
299,0,0.01,-729161.971297,-729161.971297,0.000000,-1,123031,-729161.985492,-729163.785440,-729164.439042,-729163.615331,-729164.595484,-729161.971297
300,0,0.01,-727910.618448,-727910.618448,-0.000000,-1,122788,-727910.636374,-727912.610348,-727913.344089,-727912.401295,-727913.516428,-727910.618448
301,0,0.01,-729195.280365,-729195.280365,-0.000000,-1,122990,-729195.353784,-729197.397680,-729198.229955,-729197.198802,-729198.415921,-729195.280365
302,0.0001000617752,0.01036460362,-725846.323013,-725846.332199,0.018373,0,122258,-725846.323013,-725847.858075,-725848.724303,-725847.519747,-725848.903624,-725846.332199
303,0.0001110314605,0.02333526204,-728400.113459,-728400.178299,0.129679,0,122830,-728400.113459,-728400.807215,-728401.204699,-728400.726830,-728401.294225,-728400.178299
304,0,0.01,-726969.858488,-726969.858488,-0.000000,-1,122537,-726969.913027,-726971.724659,-726972.489140,-726971.507777,-726972.667756,-726969.858488
305,0.0001223572796,0.02616552167,-726596.543176,-726596.639695,0.193038,0,122462,-726596.543176,-726596.962472,-726597.311566,-726596.885062,-726597.394435,-726596.639695
306,0,0.01,-728634.755892,-728634.755892,-0.000000,-1,122850,-728634.779087,-728636.583856,-728637.365358,-728636.328815,-728637.529390,-728634.755892
307,0.004033348729,0.05474069319,-729318.394698,-729319.873579,2.957762,3,123039,-729318.934972,-729318.448388,-729318.693418,-729318.394698,-729318.746821,-729319.873579
308,0.0001015387997,0.01283595014,-726987.787204,-726987.818475,0.062542,0,122532,-726987.787204,-726989.321968,-726989.806254,-726989.224813,-726989.929402,-726987.818475
309,0,0.01,-728140.148765,-728140.148765,-0.000000,-1,122774,-728140.201146,-728141.314012,-728142.336664,-728140.870474,-728142.529573,-728140.148765
310,0.0001002065269,0.01037500252,-729237.705492,-729237.732113,0.053242,0,122971,-729237.705492,-729239.038827,-729239.693446,-729238.818147,-729239.837585,-729237.732113
311,0,0.01,-726064.777568,-726064.777568,0.000000,-1,122347,-726064.783717,-726066.680026,-726067.378241,-726066.495246,-726067.545611,-726064.777568
312,0,0.01,-726168.452508,-726168.452508,0.000000,-1,122409,-726168.460367,-726169.490490,-726170.021613,-726169.352894,-726170.140364,-726168.452508
313,0.0001036905151,0.01867735599,-728185.366272,-728185.403116,0.073689,0,122792,-728185.366272,-728186.427799,-728186.848725,-728186.345128,-728186.948002,-728185.403117
314,0.0001000137779,0.01078595212,-728909.130133,-728909.133510,0.006753,0,122961,-728909.130133,-728910.680790,-728911.263552,-728910.524606,-728911.403777,-728909.133510
315,0.0001003952022,0.0107849254,-726645.853571,-726645.878918,0.050694,0,122428,-726645.853571,-726646.660906,-726647.304157,-726646.455223,-726647.435135,-726645.878918
316,0,0.01,-730129.090238,-730129.090238,0.000000,-1,123156,-730129.112181,-730131.210416,-730132.166142,-730130.860085,-730132.360636,-730129.090238
317,0.0001004123408,0.01077008172,-729359.976294,-729360.002465,0.052342,0,123058,-729359.976294,-729360.427048,-729361.117033,-729360.176472,-729361.254791,-729360.002465
318,0.0001004205582,0.01076213731,-729873.403473,-729873.430370,0.053793,0,123173,-729873.403473,-729874.802763,-729875.322405,-729874.659465,-729875.448282,-729873.430370
319,0.0001006838001,0.01078955007,-726067.039888,-726067.082617,0.085458,0,122337,-726067.039888,-726067.521673,-726067.955870,-726067.400387,-726068.047840,-726067.082617
320,0,0.01,-727166.178253,-727166.178253,0.000000,-1,122575,-727166.199343,-727168.457804,-727169.244540,-727168.213596,-727169.428735,-727166.178253
321,0.0001000984159,0.01076226518,-727515.692360,-727515.700257,0.015794,0,122635,-727515.692360,-727516.425456,-727517.035943,-727516.244363,-727517.162204,-727515.700257
322,0.00302322068,0.06874633484,-728316.833662,-728317.372673,1.078023,3,122834,-728317.350642,-728316.961203,-728317.408188,-728316.833662,-728317.492259,-728317.372673
323,0.000100010144,0.01034878827,-728528.094997,-728528.097559,0.005124,0,122868,-728528.094997,-728530.422789,-728531.214452,-728530.196109,-728531.389875,-728528.097559
324,0.0001002812707,0.01079542958,-728554.371631,-728554.391062,0.038863,0,122845,-728554.371631,-728555.047556,-728555.500897,-728554.937904,-728555.599539,-728554.391062
325,0,0.01,-724825.790078,-724825.790078,0.000000,-1,122132,-724825.864717,-724827.922468,-724828.784793,-724827.702814,-724828.984506,-724825.790078
326,0,0.01,-730424.043634,-730424.043634,-0.000000,-1,123212,-730424.052558,-730426.602005,-730427.444509,-730426.368543,-730427.629894,-730424.043634
327,0.003559817913,0.06772342643,-728118.673726,-728120.747548,4.147644,3,122779,-728119.522333,-728118.778860,-728119.157599,-728118.673726,-728119.239561,-728120.747548
328,0,0.01,-729370.130628,-729370.130628,0.000000,-1,123027,-729370.137609,-729371.645930,-729372.419856,-729371.370055,-729372.597298,-729370.130628
329,0,0.01,-727407.506228,-727407.506228,-0.000000,-1,122600,-727407.555269,-727409.059650,-727409.719825,-727408.872873,-727409.862433,-727407.506228
330,0,0.01,-731814.616165,-731814.616165,-0.000000,-1,123612,-731814.667289,-731816.827802,-731817.753237,-731816.520430,-731817.978793,-731814.616165
331,0.0001000947138,0.01078906741,-730620.475026,-730620.483480,0.016908,0,123269,-730620.475026,-730621.823389,-730622.363904,-730621.690561,-730622.491735,-730620.483480
332,0,0.01,-729391.569587,-729391.569587,-0.000000,-1,123030,-729391.574335,-729393.835117,-729394.555011,-729393.639853,-729394.716545,-729391.569587
333,0,0.01,-728492.501715,-728492.501714,-0.000000,-1,122836,-728492.516180,-728494.941757,-728495.721589,-728494.726306,-728495.907482,-728492.501715
334,0.002556471504,0.08078866536,-728907.290389,-728907.665569,0.750361,3,122885,-728907.685965,-728907.421000,-728907.911596,-728907.290389,-728908.016763,-728907.665569
335,0.002894678009,0.07563081248,-729023.344786,-729023.827636,0.965701,3,122968,-729023.803655,-729023.639632,-729024.400146,-729023.344786,-729024.556962,-729023.827636
336,0,0.01,-725810.467857,-725810.467857,0.000000,-1,122306,-725810.506918,-725811.440327,-725812.015654,-725811.290200,-725812.145147,-725810.467857
337,0.0001007519386,0.01077933406,-729174.862770,-729174.909615,0.093688,0,122967,-729174.862770,-729175.953104,-729176.409420,-729175.838417,-729176.517645,-729174.909615
338,0,0.01,-727786.940767,-727786.940767,0.000000,-1,122679,-727786.944000,-727789.326980,-727790.134027,-727789.080397,-727790.327388,-727786.940767
339,0.0001000227101,0.01076800015,-727096.183626,-727096.186746,0.006241,0,122587,-727096.183626,-727097.874664,-727098.483124,-727097.687681,-727098.631240,-727096.186746
340,0.003594971422,0.05508792991,-725610.324115,-725611.466449,2.284667,3,122272,-725610.947737,-725610.365816,-725610.605694,-725610.324115,-725610.669324,-725611.466449
341,0.0001002048033,0.01076319714,-725988.928511,-725988.942353,0.027683,0,122355,-725988.928511,-725989.599784,-725990.187896,-725989.408837,-725990.319341,-725988.942353
342,0.000100032966,0.01038229305,-726894.561357,-726894.567533,0.012351,0,122526,-726894.561357,-726896.767386,-726897.430231,-726896.595399,-726897.596856,-726894.567532
343,0,0.01,-727734.693150,-727734.693150,0.000000,-1,122687,-727734.731333,-727736.992967,-727737.792467,-727736.788763,-727737.968855,-727734.693150
344,0,0.01,-726047.490417,-726047.490418,0.000000,-1,122369,-726047.521037,-726048.925416,-726049.484036,-726048.772310,-726049.618325,-726047.490417
345,0,0.01,-728206.461978,-728206.461978,-0.000000,-1,122815,-728206.541492,-728208.587746,-728209.418634,-728208.371786,-728209.630523,-728206.461978
346,0,0.01,-726627.984477,-726627.984477,-0.000000,-1,122491,-726627.993559,-726629.543317,-726630.292423,-726629.291673,-726630.452863,-726627.984477
347,0.0001000072143,0.01076828034,-725015.195903,-725015.198400,0.004993,0,122104,-725015.195903,-725015.894909,-725016.495885,-725015.714876,-725016.623347,-725015.198399
348,0.002904577121,0.07137597814,-729253.224117,-729253.453867,0.459498,3,123033,-729253.430320,-729253.427687,-729254.037472,-729253.224117,-729254.154927,-729253.453867
349,0,0.01,-729347.659133,-729347.659133,-0.000000,-1,122990,-729347.689254,-729349.783914,-729350.655881,-729349.527628,-729350.829874,-729347.659133
350,0,0.01,-725691.059627,-725691.059627,0.000000,-1,122343,-725691.103944,-725692.952328,-725693.637629,-725692.765421,-725693.800261,-725691.059627
351,0.00385381679,0.04699968019,-728975.094260,-728975.551688,0.914855,3,122976,-728975.352639,-728975.139842,-728975.399656,-728975.094260,-728975.462508,-728975.551688
352,0,0.01,-727172.180256,-727172.180256,0.000000,-1,122598,-727172.198585,-727174.619296,-727175.439163,-727174.373145,-727175.631841,-727172.180256
353,0,0.01,-724962.239459,-724962.239459,0.000000,-1,122100,-724962.242386,-724964.170131,-724964.845916,-724963.988845,-724965.002171,-724962.239459
354,0,0.01,-727228.655690,-727228.655690,0.000000,-1,122584,-727228.681717,-727231.081047,-727231.943060,-727230.818130,-727232.137042,-727228.655690
355,0.0001000547594,0.01035843912,-727226.600445,-727226.608776,0.016662,0,122626,-727226.600445,-727228.216660,-727228.907241,-727227.976525,-727229.054611,-727226.608776
356,0.0001068380063,0.01752888859,-728030.364102,-728030.420585,0.112966,0,122765,-728030.364102,-728031.120801,-728031.524072,-728031.027648,-728031.613104,-728030.420585
357,0.0002259387922,0.0756119125,-728388.210858,-728388.424673,0.427632,0,122874,-728388.210858,-728388.364123,-728388.737162,-728388.268262,-728388.820244,-728388.424673
358,0.0001002269454,0.01037699944,-728569.972186,-728570.001329,0.058288,0,122879,-728569.972186,-728571.879006,-728572.489897,-728571.696799,-728572.624219,-728570.001329
359,0.000100392622,0.01036879706,-729700.503905,-729700.552526,0.097243,0,123200,-729700.503905,-729701.821094,-729702.449593,-729701.611488,-729702.587416,-729700.552526
360,0.0031527316,0.06846320453,-731700.551698,-731701.467314,1.831231,3,123538,-731700.805172,-731700.666683,-731701.111145,-731700.551698,-731701.214646,-731701.467314
361,0.0001229670039,0.02137060682,-727687.531742,-727687.654725,0.245967,0,122748,-727687.531742,-727687.788611,-727688.009205,-727687.752440,-727688.065364,-727687.654725
362,9.995602238e-05,0.01079963117,-726666.477476,-726666.477672,0.000391,0,122465,-726666.477476,-726668.036134,-726668.579099,-726667.911855,-726668.700466,-726666.477672
363,0.0001005095306,0.01077999338,-727201.043750,-727201.075983,0.064466,0,122648,-727201.043750,-727201.498434,-727202.011989,-727201.346179,-727202.125835,-727201.075983
364,0.0001003660004,0.01037841066,-726009.154514,-726009.199898,0.090767,0,122354,-726009.154514,-726010.439353,-726011.005911,-726010.258626,-726011.120640,-726009.199898
365,9.999588953e-05,0.01036351965,-726379.059840,-726379.061299,0.002917,0,122416,-726379.059840,-726380.279535,-726380.897119,-726380.096522,-726381.026399,-726379.061299
366,0.002570405704,0.07609031675,-727987.151215,-727987.521140,0.739848,3,122759,-727987.538347,-727987.265628,-727987.725824,-727987.151215,-727987.830183,-727987.521140
367,9.999441148e-05,0.01037655238,-731184.235303,-731184.237049,0.003491,0,123339,-731184.235303,-731186.436056,-731187.120118,-731186.263889,-731187.285977,-731184.237049
368,0.0001002881223,0.0108049473,-726358.315323,-726358.335264,0.039883,0,122419,-726358.315323,-726359.605577,-726360.056229,-726359.495435,-726360.150254,-726358.335264
369,0,0.01,-729169.672287,-729169.672287,-0.000000,-1,123003,-729169.694051,-729171.957100,-729172.691201,-729171.770491,-729172.860930,-729169.672287
370,0,0.01,-727631.553260,-727631.553260,-0.000000,-1,122680,-727631.562919,-727633.638084,-727634.259866,-727633.501598,-727634.408101,-727631.553260
371,0,0.01,-725413.396103,-725413.396103,0.000000,-1,122190,-725413.415157,-725415.193289,-725415.841543,-725415.022512,-725415.982538,-725413.396103
372,0.0001003181246,0.01035308894,-725789.560083,-725789.599036,0.077906,0,122293,-725789.560083,-725791.252511,-725791.916687,-725791.003969,-725792.052018,-725789.599035
373,0.0001000879399,0.01037054861,-732033.141373,-732033.153772,0.024798,0,123531,-732033.141373,-732035.673694,-732036.399271,-732035.494695,-732036.571745,-732033.153772
374,0.0001009877694,0.01121482009,-729456.445379,-729456.487664,0.084570,0,123092,-729456.445379,-729458.137237,-729458.619339,-729458.030819,-729458.733812,-729456.487664
375,0.0001010766464,0.01075554652,-727035.884539,-727035.949734,0.130390,0,122603,-727035.884539,-727037.002055,-727037.500050,-727036.844253,-727037.608973,-727035.949734
376,0.003507411762,0.07054030354,-728065.972478,-728067.817946,3.690937,3,122750,-728066.040209,-728066.187500,-728066.772920,-728065.972478,-728066.888167,-728067.817946
377,0,0.01,-727079.730097,-727079.730097,0.000000,-1,122597,-727079.765321,-727081.743664,-727082.531120,-727081.507553,-727082.706871,-727079.730097
378,0.0001001981534,0.01037778666,-728839.057363,-728839.083343,0.051960,0,122960,-728839.057363,-728840.458613,-728841.073542,-728840.255649,-728841.212696,-728839.083343
379,0,0.01,-725996.272565,-725996.272565,0.000000,-1,122395,-725996.318222,-725998.457160,-725999.458368,-725998.103780,-725999.697570,-725996.272565
380,0.0001005419045,0.01079561542,-726928.345116,-726928.379683,0.069134,0,122500,-726928.345116,-726928.683470,-726929.095896,-726928.571586,-726929.196435,-726928.379683
381,0,0.01,-728914.194677,-728914.194677,-0.000000,-1,122963,-728914.218458,-728915.722963,-728916.499676,-728915.465461,-728916.663902,-728914.194677
382,0.000100940131,0.01075603837,-727932.508159,-727932.565802,0.115286,0,122666,-727932.508159,-727934.077214,-727934.690827,-727933.891087,-727934.828047,-727932.565802
383,0,0.01,-729122.064625,-729122.064625,0.000000,-1,122968,-729122.076558,-729124.276592,-729125.014161,-729124.093422,-729125.179516,-729122.064625
384,0.003102205689,0.06884245569,-728874.147075,-728874.659688,1.025226,3,122983,-728874.623572,-728874.331703,-728874.914451,-728874.147075,-728875.022480,-728874.659688
385,0,0.01,-727244.827351,-727244.827351,0.000000,-1,122592,-727244.835655,-727247.411338,-727248.262525,-727247.191264,-727248.469167,-727244.827351
386,0.0001159072769,0.02987914481,-727728.792339,-727728.862907,0.141136,0,122665,-727728.792339,-727729.251338,-727729.708803,-727729.133684,-727729.820581,-727728.862907
387,0,0.01,-727164.300116,-727164.300116,0.000000,-1,122601,-727164.304334,-727166.150573,-727166.889587,-727165.911732,-727167.072238,-727164.300116
388,0,0.01,-727164.628998,-727164.628998,0.000000,-1,122562,-727164.689503,-727166.805230,-727167.725693,-727166.526408,-727167.951906,-727164.628998
389,0.004835485285,0.05136278615,-726344.595744,-726347.581369,5.971250,3,122419,-726346.195182,-726344.596803,-726344.701247,-726344.595744,-726344.734172,-726347.581369
390,0.0001113872762,0.01726896721,-726583.911364,-726583.998360,0.173991,0,122394,-726583.911364,-726584.631718,-726584.996280,-726584.556840,-726585.080093,-726583.998360
391,0,0.01,-724859.552308,-724859.552308,0.000000,-1,122153,-724859.558707,-724860.914506,-724861.585281,-724860.726471,-724861.722475,-724859.552308
392,0,0.01,-729559.280180,-729559.280180,-0.000000,-1,123087,-729559.297739,-729561.713371,-729562.516717,-729561.496939,-729562.703917,-729559.280180
393,0.0001001394775,0.01075964025,-725403.001096,-725403.011026,0.019860,0,122231,-725403.001096,-725404.974725,-725405.588466,-725404.807486,-725405.727921,-725403.011026
394,0.0001275192916,0.03137597742,-725758.667677,-725758.775187,0.215019,0,122291,-725758.667677,-725758.983758,-725759.311588,-725758.921661,-725759.379554,-725758.775187
395,0.0001005596466,0.0107791096,-726455.041926,-726455.077230,0.070608,0,122471,-726455.041926,-726456.313576,-726456.824539,-726456.167847,-726456.942090,-726455.077230
396,0,0.01,-729972.103579,-729972.103579,-0.000000,-1,123190,-729972.156938,-729974.281423,-729975.121501,-729974.045492,-729975.345143,-729972.103579
397,0,0.01,-728135.175764,-728135.175764,0.000000,-1,122847,-728135.186110,-728136.394327,-728137.143626,-728136.155033,-728137.313999,-728135.175764
398,0,0.01,-727629.667779,-727629.667779,-0.000000,-1,122698,-727629.692296,-727630.912018,-727631.522266,-727630.744118,-727631.662115,-727629.667779
399,0.0002460111524,0.1064988439,-727930.739287,-727930.979669,0.480763,0,122766,-727930.739287,-727930.959898,-727931.350520,-727930.868668,-727931.442741,-727930.979669
400,0.0001004054895,0.01078194415,-725934.986709,-725935.013121,0.052824,0,122304,-725934.986709,-725935.868862,-725936.395436,-725935.716086,-725936.519897,-725935.013121
401,0,0.01,-729315.969653,-729315.969653,-0.000000,-1,123011,-729316.046713,-729318.192820,-729319.087089,-729317.996070,-729319.329703,-729315.969653
402,0.0001002657747,0.01037011747,-726806.245357,-726806.278567,0.066420,0,122485,-726806.245357,-726808.008576,-726808.657806,-726807.818800,-726808.793646,-726806.278567
403,0.004097856348,0.04512798961,-729527.028702,-729527.999982,1.942561,3,123059,-729527.621898,-729527.056662,-729527.247797,-729527.028702,-729527.300964,-729527.999982
404,0.0001000446191,0.0103738955,-723963.184561,-723963.192215,0.015309,0,121993,-723963.184561,-723964.979793,-723965.617471,-723964.793632,-723965.761516,-723963.192215
405,9.999823318e-05,0.01076991137,-729503.602581,-729503.604247,0.003332,0,123012,-729503.602581,-729505.373526,-729506.040528,-729505.186693,-729506.200236,-729503.604247
406,0,0.01,-726479.566013,-726479.566013,0.000000,-1,122422,-726479.622357,-726481.824162,-726482.655667,-726481.609587,-726482.845536,-726479.566013
407,0,0.01,-727565.531882,-727565.531882,-0.000000,-1,122604,-727565.569321,-727567.540005,-727568.263158,-727567.355065,-727568.406755,-727565.531882
408,0.0001002204143,0.01078932962,-727843.188038,-727843.203667,0.031257,0,122726,-727843.188038,-727843.425029,-727843.834081,-727843.318513,-727843.928494,-727843.203667
409,0.0001001385372,0.01035707901,-723770.757665,-723770.775165,0.035001,0,121909,-723770.757665,-723773.177618,-723773.955314,-723772.922620,-723774.128537,-723770.775165
410,0,0.01,-730383.842784,-730383.842784,-0.000000,-1,123213,-730383.843809,-730384.960937,-730385.524998,-730384.794147,-730385.660913,-730383.842784
411,0.002954437188,0.07448879111,-727643.223072,-727643.877543,1.308943,3,122664,-727643.854391,-727643.443050,-727644.073208,-727643.223072,-727644.206492,-727643.877543
412,0.000100145796,0.0107626391,-725963.223307,-725963.233813,0.021011,0,122366,-725963.223307,-725964.972096,-725965.572964,-725964.811502,-725965.710692,-725963.233813
413,0,0.01,-728989.481689,-728989.481689,0.000000,-1,123009,-728989.489577,-728990.377717,-728991.054483,-728990.158180,-728991.195902,-728989.481689
414,0.000100106603,0.01036897827,-725256.861062,-725256.875788,0.029452,0,122189,-725256.861062,-725257.804515,-725258.367594,-725257.646395,-725258.486653,-725256.875788
415,0.0003071257379,0.09492493478,-726665.380733,-726665.685090,0.608715,0,122570,-726665.380733,-726665.591838,-726665.929331,-726665.511763,-726665.996279,-726665.685090
416,0,0.01,-728236.320679,-728236.320679,-0.000000,-1,122702,-728236.329234,-728238.667400,-728239.463415,-728238.450479,-728239.653677,-728236.320679
417,0.002633450621,0.08207639371,-729134.751955,-729135.234908,0.965905,3,122935,-729135.227113,-729135.014689,-729135.782395,-729134.751955,-729135.947719,-729135.234908
418,0.0003177102925,0.1319498615,-727293.580128,-727294.059886,0.959517,0,122648,-727293.580128,-727293.923810,-727294.271186,-727293.846067,-727294.344170,-727294.059886
419,0,0.01,-726955.290106,-726955.290106,0.000000,-1,122574,-726955.316013,-726957.563216,-726958.478779,-726957.226684,-726958.690891,-726955.290106
420,0,0.01,-727875.657234,-727875.657234,0.000000,-1,122722,-727875.680326,-727877.721495,-727878.422150,-727877.539064,-727878.577210,-727875.657234
421,0,0.01,-727465.292294,-727465.292294,0.000000,-1,122679,-727465.314817,-727467.400407,-727468.166419,-727467.182595,-727468.337231,-727465.292294
422,0.003748806201,0.0584819823,-727191.680885,-727193.154960,2.948150,3,122596,-727192.418583,-727191.720437,-727191.952577,-727191.680885,-727192.007511,-727193.154960
423,0,0.01,-726268.777277,-726268.777277,-0.000000,-1,122456,-726268.799446,-726270.980164,-726271.773353,-726270.752439,-726271.953707,-726268.777277
424,0.0001000651252,0.01035057375,-728541.463912,-728541.473210,0.018596,0,122918,-728541.463912,-728543.701756,-728544.480047,-728543.467982,-728544.660829,-728541.473210
425,0,0.01,-727062.346736,-727062.346736,0.000000,-1,122543,-727062.358292,-727064.455462,-727065.226105,-727064.204177,-727065.413219,-727062.346736
426,0,0.01,-727483.186332,-727483.186333,0.000000,-1,122628,-727483.227342,-727485.553813,-727486.377854,-727485.356784,-727486.568604,-727483.186332
427,0.0001000289234,0.01037176489,-727644.813764,-727644.819364,0.011201,0,122699,-727644.813764,-727646.697463,-727647.386100,-727646.486855,-727647.543450,-727644.819364
428,0.0001006558819,0.01078301419,-728585.339584,-728585.380540,0.081912,0,122820,-728585.339584,-728586.185921,-728586.726282,-728586.031704,-728586.842505,-728585.380540
429,0,0.01,-730181.001438,-730181.001439,0.000000,-1,123134,-730181.055136,-730182.251767,-730183.250719,-730181.846748,-730183.446150,-730181.001438
430,0.0001001004039,0.01076932228,-730564.751230,-730564.759231,0.016002,0,123349,-730564.751230,-730566.340912,-730566.964905,-730566.164856,-730567.115069,-730564.759231
431,0,0.01,-727381.537951,-727381.537951,-0.000000,-1,122613,-727381.582850,-727383.618907,-727384.423325,-727383.399418,-727384.597677,-727381.537951
432,0,0.01,-726439.832055,-726439.832055,0.000000,-1,122476,-726439.835493,-726441.291255,-726441.966680,-726441.075617,-726442.116380,-726439.832055
433,9.97784392e-05,0.03146612744,-729365.619058,-729365.650536,0.062956,0,123012,-729365.619058,-729366.528323,-729366.961692,-729366.438482,-729367.062173,-729365.650536
434,0,0.01,-729374.135998,-729374.135998,-0.000000,-1,123065,-729374.141274,-729375.546517,-729376.189757,-729375.363528,-729376.346187,-729374.135998
435,0.003897087494,0.0503883788,-728268.821349,-728269.596388,1.550079,3,122781,-728269.196202,-728268.891828,-728269.188179,-728268.821349,-728269.256491,-728269.596388
436,0.0001004610707,0.01080006267,-725965.742246,-725965.772228,0.059965,0,122389,-725965.742246,-725966.281978,-725966.781833,-725966.131904,-725966.893209,-725965.772228
437,0.0001002460257,0.01036550533,-728019.225586,-728019.256464,0.061755,0,122750,-728019.225586,-728020.496879,-728021.257231,-728020.196162,-728021.401588,-728019.256464
438,0,0.01,-728237.623853,-728237.623854,0.000000,-1,122789,-728237.628937,-728238.648842,-728239.234225,-728238.490083,-728239.364554,-728237.623853
439,0,0.01,-727565.736183,-727565.736182,-0.000000,-1,122702,-727565.782763,-727567.752812,-727568.559511,-727567.527618,-727568.750027,-727565.736183
440,0.0001213992034,0.03602701864,-728761.079891,-728761.160398,0.161014,0,122832,-728761.079891,-728761.527329,-728761.943161,-728761.429709,-728762.036721,-728761.160398
441,0.002898632537,0.08211767105,-726442.032479,-726442.980941,1.896923,3,122468,-726442.285636,-726442.232474,-726442.851679,-726442.032479,-726442.980155,-726442.980941
442,0.0001070527894,0.01691690519,-727074.936837,-727074.997082,0.120491,0,122589,-727074.936837,-727075.702813,-727076.095873,-727075.609056,-727076.188604,-727074.997082
443,0,0.01,-726759.542418,-726759.542418,0.000000,-1,122513,-726759.557375,-726761.211146,-726761.871696,-726761.012914,-726762.023868,-726759.542418
444,0.0001001188186,0.01037386006,-724552.278851,-724552.295143,0.032583,0,121998,-724552.278851,-724553.671200,-724554.313183,-724553.453366,-724554.456843,-724552.295143
445,0,0.01,-724050.567153,-724050.567153,0.000000,-1,121974,-724050.617786,-724051.501979,-724052.096915,-724051.342310,-724052.230375,-724050.567153
446,0,0.01,-727702.653989,-727702.653989,-0.000000,-1,122671,-727702.687351,-727704.023343,-727704.705176,-727703.822749,-727704.872791,-727702.653989
447,0,0.01,-729439.115685,-729439.115685,0.000000,-1,123090,-729439.131024,-729441.449330,-729442.201761,-729441.253872,-729442.377632,-729439.115685
448,0.002261708258,0.08944100028,-729476.701042,-729476.857267,0.312448,3,123086,-729476.866170,-729477.185904,-729478.222226,-729476.701042,-729478.411181,-729476.857266
449,0.0001004526959,0.01077636457,-725931.013402,-725931.041972,0.057140,0,122360,-725931.013402,-725932.580560,-725933.138925,-725932.432578,-725933.261342,-725931.041972
450,0.0001009275851,0.0107839474,-727805.441636,-727805.498951,0.114630,0,122709,-727805.441636,-727805.620549,-727806.041337,-727805.503804,-727806.136110,-727805.498951
451,0.0001003122889,0.0103773323,-731761.251175,-731761.290708,0.079067,0,123484,-731761.251175,-731762.496798,-731763.042449,-731762.321919,-731763.168046,-731761.290708
452,0,0.01,-730321.263520,-730321.263520,0.000000,-1,123224,-730321.276381,-730323.644688,-730324.372899,-730323.486690,-730324.549004,-730321.263520
453,0,0.01,-729949.495797,-729949.495797,0.000000,-1,123152,-729949.506313,-729951.974597,-729952.869285,-729951.671823,-729953.083687,-729949.495797
454,0,0.01,-732769.233357,-732769.233357,-0.000000,-1,123690,-732769.261868,-732771.091290,-732771.840657,-732770.882947,-732772.007532,-732769.233357
455,0,0.01,-726462.801590,-726462.801590,-0.000000,-1,122439,-726462.846706,-726464.702167,-726465.398434,-726464.515745,-726465.540414,-726462.801590
456,0.0001000953934,0.01037366525,-727801.599272,-727801.612831,0.027118,0,122693,-727801.599272,-727803.808849,-727804.448113,-727803.654792,-727804.605644,-727801.612831
457,0.002767578634,0.08488197176,-730987.252224,-730987.874869,1.245291,3,123418,-730987.855214,-730987.727249,-730988.823753,-730987.252224,-730988.994232,-730987.874869
458,0.003061865915,0.0630671348,-728093.720554,-728094.552146,1.663184,3,122788,-728094.056950,-728093.794099,-728094.126869,-728093.720554,-728094.211397,-728094.552147
459,0,0.01,-730681.792997,-730681.792997,-0.000000,-1,123272,-730681.806034,-730683.556068,-730684.285305,-730683.330262,-730684.447412,-730681.792997
460,0,0.01,-729539.898500,-729539.898500,-0.000000,-1,123061,-729539.916359,-729541.986227,-729542.728241,-729541.778124,-729542.900042,-729539.898500
461,0,0.01,-727238.512229,-727238.512229,-0.000000,-1,122573,-727238.521854,-727239.875272,-727240.499393,-727239.687629,-727240.629706,-727238.512229
462,0.0001013275889,0.01077854882,-727713.150626,-727713.231819,0.162387,0,122745,-727713.150626,-727714.482764,-727714.890412,-727714.409663,-727714.990803,-727713.231819
463,0.0002274791987,0.1369895278,-726482.646809,-726482.939222,0.584828,0,122491,-726482.646809,-726483.130477,-726483.677698,-726482.977316,-726483.797766,-726482.939222
464,0,0.01,-726691.832482,-726691.832482,-0.000000,-1,122538,-726691.884787,-726694.089463,-726694.936909,-726693.855536,-726695.146834,-726691.832482
465,9.998524563e-05,0.01037232452,-725614.970761,-725614.971403,0.001285,0,122301,-725614.970761,-725616.949330,-725617.614399,-725616.752733,-725617.761002,-725614.971403
466,0,0.01,-729331.659757,-729331.659757,0.000000,-1,123041,-729331.694979,-729333.092316,-729333.682148,-729332.938300,-729333.816287,-729331.659757
467,0.0001002802697,0.01079727977,-728893.425075,-728893.444441,0.038732,0,122947,-728893.425075,-728894.737634,-728895.256995,-728894.598528,-728895.378976,-728893.444441
468,0,0.01,-726753.123924,-726753.123924,-0.000000,-1,122483,-726753.132609,-726754.488953,-726755.233594,-726754.254888,-726755.396362,-726753.123924
469,0,0.01,-725702.319758,-725702.319758,0.000000,-1,122306,-725702.363756,-725704.472173,-725705.190879,-725704.295427,-725705.350562,-725702.319758
470,0,0.01,-726695.117914,-726695.117914,-0.000000,-1,122506,-726695.185945,-726697.001039,-726697.765006,-726696.799723,-726697.944805,-726695.117914
471,0.0001003415669,0.01077564199,-729754.428142,-729754.450699,0.045114,0,123136,-729754.428142,-729756.294697,-729756.879092,-729756.155052,-729757.022809,-729754.450699
472,0,0.01,-728432.540701,-728432.540701,0.000000,-1,122861,-728432.629490,-728434.576756,-728435.452184,-728434.306266,-728435.675599,-728432.540701
473,0,0.01,-728721.976949,-728721.976949,-0.000000,-1,122908,-728722.018112,-728724.225043,-728725.068708,-728723.985771,-728725.243559,-728721.976949
474,0,0.01,-728474.008391,-728474.008391,0.000000,-1,122871,-728474.051146,-728475.735347,-728476.390366,-728475.564176,-728476.549653,-728474.008391
475,0,0.01,-728232.567246,-728232.567246,0.000000,-1,122816,-728232.631539,-728234.404058,-728235.114479,-728234.216881,-728235.272662,-728232.567246
476,0,0.01,-727100.188585,-727100.188585,-0.000000,-1,122614,-727100.235333,-727101.890404,-727102.660721,-727101.670956,-727102.831397,-727100.188585
477,0.0001016412018,0.01199509846,-730732.813596,-730732.856526,0.085859,0,123331,-730732.813596,-730733.385313,-730733.868030,-730733.257186,-730733.972346,-730732.856526
478,0.0001001341264,0.01037381727,-729620.188236,-729620.206570,0.036666,0,123133,-729620.188236,-729622.060030,-729622.646531,-729621.900275,-729622.786572,-729620.206570
479,0,0.01,-726687.322616,-726687.322616,-0.000000,-1,122461,-726687.374631,-726689.043167,-726689.893366,-726688.766248,-726690.091830,-726687.322616
480,0,0.01,-725354.075066,-725354.075066,0.000000,-1,122271,-725354.081073,-725355.838315,-725356.470529,-725355.666191,-725356.611030,-725354.075066
481,0.0001000793174,0.01037331189,-726575.648717,-726575.660384,0.023336,0,122475,-726575.648717,-726576.902254,-726577.465949,-726576.741201,-726577.584176,-726575.660385
482,0,0.01,-727497.481661,-727497.481661,-0.000000,-1,122660,-727497.507349,-727499.940767,-727500.841704,-727499.679601,-727501.044100,-727497.481661
483,0,0.01,-727581.750333,-727581.750333,0.000000,-1,122642,-727581.776227,-727583.878413,-727584.606456,-727583.681464,-727584.771027,-727581.750333
484,0,0.01,-727043.055775,-727043.055775,-0.000000,-1,122557,-727043.059262,-727044.414684,-727044.940362,-727044.284839,-727045.056537,-727043.055775
485,0,0.01,-729186.544445,-729186.544445,-0.000000,-1,123025,-729186.584237,-729188.821580,-729189.845784,-729188.473595,-729190.075777,-729186.544445
486,0.0001058016206,0.01608197416,-727127.067360,-727127.122559,0.110398,0,122594,-727127.067360,-727127.524275,-727127.944021,-727127.411269,-727128.032123,-727127.122559
487,0,0.01,-726991.545311,-726991.545311,0.000000,-1,122534,-726991.563466,-726992.746207,-726993.300832,-726992.592118,-726993.432174,-726991.545311
488,0,0.01,-727608.543446,-727608.543446,-0.000000,-1,122658,-727608.608170,-727610.374770,-727611.193348,-727610.125512,-727611.370592,-727608.543446
489,0.0001002470383,0.01079384265,-729042.449749,-729042.466979,0.034460,0,122920,-729042.449749,-729043.429075,-729043.894333,-729043.312899,-729043.994844,-729042.466979
490,0,0.01,-729463.130232,-729463.130232,0.000000,-1,123049,-729463.150484,-729463.328093,-729463.926977,-729463.163223,-729464.060367,-729463.130232
491,0.0001001787473,0.0103596738,-728096.320141,-728096.342801,0.045321,0,122835,-728096.320141,-728098.813115,-728099.522121,-728098.622616,-728099.691308,-728096.342801
492,0,0.01,-728333.202296,-728333.202296,-0.000000,-1,122818,-728333.217794,-728334.293295,-728334.865171,-728334.143306,-728335.007710,-728333.202296
493,0.0001000417031,0.0103697742,-728576.023284,-728576.030545,0.014523,0,122903,-728576.023284,-728577.889755,-728578.561496,-728577.674529,-728578.724692,-728576.030545
494,0.002875039813,0.08417395831,-727711.308600,-727712.386995,2.156790,3,122703,-727712.372801,-727711.562779,-727712.344068,-727711.308600,-727712.498407,-727712.386995
495,0,0.01,-729356.263656,-729356.263656,0.000000,-1,123046,-729356.273323,-729358.414931,-729359.101929,-729358.242894,-729359.264954,-729356.263656
496,0,0.01,-727738.945784,-727738.945784,-0.000000,-1,122676,-727739.066191,-727740.807866,-727741.794337,-727740.556866,-727742.039151,-727738.945784
497,0,0.01,-729708.664609,-729708.664609,0.000000,-1,123121,-729708.691736,-729710.755801,-729711.564635,-729710.506012,-729711.724946,-729708.664609
498,0,0.01,-728752.749769,-728752.749769,0.000000,-1,122915,-728752.781999,-728753.422535,-728753.935758,-728753.284175,-728754.057032,-728752.749769
499,0.0001002321034,0.01036864456,-729424.618786,-729424.648311,0.059050,0,123041,-729424.618786,-729426.431151,-729427.059302,-729426.250289,-729427.201064,-729424.648311
500,0.0001002830018,0.01035939192,-728636.953936,-728636.989104,0.070335,0,122912,-728636.953936,-728639.373083,-728640.062218,-728639.167505,-728640.232399,-728636.989104
501,0.00010071633,0.0107626777,-729437.700313,-729437.744842,0.089058,0,123032,-729437.700313,-729439.172368,-729439.665216,-729439.049210,-729439.776065,-729437.744842
502,0,0.01,-728330.541041,-728330.541041,0.000000,-1,122808,-728330.617272,-728332.757416,-728333.661322,-728332.510481,-728333.893068,-728330.541041
503,0.0001000492365,0.01036483821,-727039.725379,-727039.732980,0.015203,0,122593,-727039.725379,-727041.194767,-727041.976421,-727040.911997,-727042.142264,-727039.732980
504,0,0.01,-730371.858598,-730371.858598,0.000000,-1,123283,-730371.876648,-730373.941094,-730374.652377,-730373.753525,-730374.818549,-730371.858598
505,0.0001001048479,0.01037810878,-728936.546582,-728936.561189,0.029213,0,122918,-728936.546582,-728938.406522,-728939.070998,-728938.213316,-728939.217483,-728936.561189
506,9.998507138e-05,0.01078177774,-728634.068264,-728634.069575,0.002621,0,122856,-728634.068264,-728635.825149,-728636.452746,-728635.666566,-728636.598989,-728634.069575
507,0.000100211569,0.01078436477,-729306.600769,-729306.615986,0.030434,0,123065,-729306.600769,-729306.966748,-729307.573928,-729306.787465,-729307.701578,-729306.615986
508,0,0.01,-727193.135959,-727193.135958,-0.000000,-1,122541,-727193.199820,-727195.136492,-727195.878954,-727194.933850,-727196.069175,-727193.135959
509,0.0003039442475,0.10947124,-729704.266130,-729704.626185,0.720111,0,123095,-729704.266130,-729704.618176,-729704.975041,-729704.545175,-729705.049821,-729704.626185
510,0.0001002379011,0.01037498911,-730996.976798,-730997.007494,0.061393,0,123368,-730996.976798,-730997.593523,-730998.182916,-730997.409857,-730998.306882,-730997.007494
511,0.000100828881,0.01243555011,-727577.048285,-727577.069192,0.041815,0,122612,-727577.048285,-727578.240039,-727578.727148,-727578.120026,-727578.830566,-727577.069192
512,0,0.01,-723687.930044,-723687.930044,-0.000000,-1,121891,-723688.006172,-723689.767981,-723690.627922,-723689.504335,-723690.836714,-723687.930044
513,0,0.01,-728783.377361,-728783.377361,-0.000000,-1,122860,-728783.397379,-728785.308268,-728785.973815,-728785.137039,-728786.125094,-728783.377361
514,0.0001270176466,0.03562224884,-729636.276875,-729636.369009,0.184269,0,123081,-729636.276875,-729636.765426,-729637.168856,-729636.661783,-729637.266863,-729636.369009
515,0.002988270379,0.06932000824,-728175.626563,-728176.258982,1.264838,3,122821,-728176.216225,-728175.812710,-728176.362262,-728175.626563,-728176.475505,-728176.258982
516,0.0001000369283,0.01077025363,-729797.474875,-729797.479095,0.008440,0,123157,-729797.474875,-729798.945916,-729799.542283,-729798.777314,-729799.680107,-729797.479095
517,0.0001011138998,0.01283304626,-731038.947129,-731038.971132,0.048004,0,123379,-731038.947129,-731039.755467,-731040.341855,-731039.580003,-731040.463683,-731038.971132
518,0.0001001320099,0.01075937334,-729078.284866,-729078.294400,0.019068,0,122960,-729078.284866,-729080.453507,-729081.109847,-729080.272780,-729081.262295,-729078.294400
519,0.0001002420241,0.01078787277,-730458.779234,-730458.795975,0.033482,0,123265,-730458.779234,-730459.139384,-730459.566735,-730459.024080,-730459.655365,-730458.795975
520,0,0.01,-726452.380169,-726452.380170,0.000000,-1,122444,-726452.422666,-726454.048287,-726454.643210,-726453.913341,-726454.782503,-726452.380169
521,0,0.01,-730731.066545,-730731.066545,0.000000,-1,123332,-730731.071261,-730733.158091,-730733.882864,-730732.939704,-730734.054373,-730731.066545
522,0.003849231236,0.1290037405,-731068.042853,-731075.777433,15.469159,3,123431,-731068.076305,-731068.346058,-731069.213341,-731068.042853,-731069.360600,-731075.777432
523,0.0007969654554,0.2700371233,-730421.385450,-730424.409891,6.048880,0,123234,-730421.385450,-730422.259275,-730422.862285,-730422.013728,-730422.959792,-730424.409890
524,0.0001003988173,0.01079064183,-726758.034413,-726758.060540,0.052255,0,122490,-726758.034413,-726759.068812,-726759.526703,-726758.959646,-726759.632522,-726758.060540
525,0.0001002601236,0.01037140359,-727671.768249,-727671.801196,0.065893,0,122675,-727671.768249,-727673.840225,-727674.444180,-727673.663232,-727674.581906,-727671.801196
526,0.0001130308003,0.01994662927,-727140.599924,-727140.680333,0.160818,0,122598,-727140.599924,-727141.126169,-727141.487077,-727141.042164,-727141.572422,-727140.680333
527,9.999045195e-05,0.01076838711,-727505.028200,-727505.029541,0.002681,0,122576,-727505.028200,-727506.918807,-727507.532318,-727506.758573,-727507.675347,-727505.029541
528,0,0.01,-728855.812548,-728855.812548,0.000000,-1,122920,-728855.872866,-728858.178022,-728859.093659,-728857.946931,-728859.314075,-728855.812548
529,0.0001001331018,0.01038385738,-730276.313483,-730276.331583,0.036198,0,123228,-730276.313483,-730278.598288,-730279.264887,-730278.422903,-730279.413684,-730276.331582
530,0.0001000570916,0.01036369688,-725937.293601,-725937.301979,0.016756,0,122343,-725937.293601,-725939.613081,-725940.353603,-725939.407954,-725940.509681,-725937.301979
531,0,0.01,-729060.435777,-729060.435777,0.000000,-1,122940,-729060.474173,-729062.600503,-729063.340562,-729062.400033,-729063.521097,-729060.435777
532,0,0.01,-727896.146734,-727896.146734,0.000000,-1,122768,-727896.155814,-727897.872809,-727898.578920,-727897.649769,-727898.730325,-727896.146734
533,0.004376347336,0.03922557113,-728837.010287,-728837.761438,1.502302,3,122990,-728837.542561,-728837.034159,-728837.216170,-728837.010287,-728837.269059,-728837.761438
534,0,0.01,-727672.202844,-727672.202844,-0.000000,-1,122708,-727672.270690,-727674.263709,-727675.195726,-727673.964240,-727675.413236,-727672.202844
535,0.004602319832,0.05797437191,-727185.665889,-727189.121217,6.910656,3,122569,-727187.415050,-727185.667146,-727185.776600,-727185.665889,-727185.810043,-727189.121217
536,0,0.01,-726963.930723,-726963.930723,0.000000,-1,122602,-726963.971162,-726965.202034,-726965.855164,-726965.024657,-726966.013019,-726963.930723
537,0.0001001595344,0.01037340973,-728529.015608,-728529.036737,0.042257,0,122854,-728529.015608,-728530.477772,-728531.031017,-728530.328276,-728531.144793,-728529.036737
538,0,0.01,-726362.288681,-726362.288681,-0.000000,-1,122385,-726362.311032,-726363.090289,-726363.575091,-726362.962503,-726363.684323,-726362.288681
539,0.0001000880746,0.01037376683,-727990.077309,-727990.089906,0.025194,0,122751,-727990.077309,-727991.446012,-727992.072931,-727991.253961,-727992.218101,-727990.089906
540,0,0.01,-729971.911062,-729971.911062,-0.000000,-1,123178,-729971.960345,-729974.106114,-729974.898824,-729973.893313,-729975.080587,-729971.911062
541,0.000120863051,0.02842902278,-726896.831994,-726896.920612,0.177236,0,122536,-726896.831994,-726897.282931,-726897.625849,-726897.200245,-726897.707396,-726896.920612
542,0.004167703257,0.0758233874,-731029.929353,-731033.782575,7.706445,3,123357,-731031.476255,-731030.034603,-731030.429926,-731029.929353,-731030.513350,-731033.782575
543,0,0.01,-729569.481846,-729569.481846,0.000000,-1,123100,-729569.495908,-729571.176906,-729571.909418,-729570.940412,-729572.073411,-729569.481846
544,0,0.01,-726176.379632,-726176.379632,-0.000000,-1,122398,-726176.419737,-726178.625284,-726179.382117,-726178.451989,-726179.573304,-726176.379632
545,0,0.01,-724926.783962,-724926.783962,0.000000,-1,122207,-724926.795079,-724928.886497,-724929.669256,-724928.651038,-724929.834200,-724926.783962
546,0.002546049073,0.1077335954,-727886.587770,-727888.322857,3.470174,3,122742,-727888.369474,-727886.832408,-727887.526277,-727886.587770,-727887.650270,-727888.322857
547,0.004133364154,0.05907142819,-727940.612072,-727943.240487,5.256831,3,122737,-727941.909136,-727940.652831,-727940.876250,-727940.612072,-727940.930444,-727943.240487
548,0,0.01,-729942.746227,-729942.746227,0.000000,-1,123089,-729942.773595,-729944.992561,-729945.730427,-729944.817844,-729945.910028,-729942.746227
549,0,0.01,-730458.238038,-730458.238038,0.000000,-1,123314,-730458.242308,-730458.991999,-730459.720725,-730458.735127,-730459.869708,-730458.238038
550,0,0.01,-729751.950931,-729751.950931,0.000000,-1,123077,-729751.952268,-729753.111346,-729753.858457,-729752.868690,-729754.014698,-729751.950931
551,0,0.01,-730237.257500,-730237.257500,-0.000000,-1,123213,-730237.319786,-730238.881960,-730239.536025,-730238.720182,-730239.685881,-730237.257500
552,0,0.01,-729259.943870,-729259.943870,-0.000000,-1,123060,-729259.957199,-729260.429644,-729261.028928,-729260.255865,-729261.153065,-729259.943870
553,0,0.01,-727632.692849,-727632.692848,-0.000000,-1,122671,-727632.707619,-727635.379164,-727636.285352,-727635.167737,-727636.551499,-727632.692849
554,0.0001001135132,0.01037709961,-727924.591144,-727924.606781,0.031275,0,122714,-727924.591144,-727926.565364,-727927.201451,-727926.379710,-727927.346593,-727924.606781
555,0,0.01,-725385.493002,-725385.493001,-0.000000,-1,122206,-725385.499892,-725386.281027,-725386.754321,-725386.162206,-725386.857289,-725385.493002
556,0.0001001701712,0.01079402555,-728382.416844,-728382.429731,0.025775,0,122807,-728382.416844,-728383.283015,-728383.772254,-728383.147203,-728383.879146,-728382.429731
557,0.0001000935729,0.01037473404,-730688.621523,-730688.634906,0.026766,0,123337,-730688.621523,-730690.264240,-730690.926835,-730690.061012,-730691.077682,-730688.634906
558,0,0.01,-727217.795383,-727217.795383,-0.000000,-1,122586,-727217.851353,-727219.749998,-727220.597149,-727219.486869,-727220.792979,-727217.795383
559,0,0.01,-726701.233994,-726701.233994,-0.000000,-1,122470,-726701.243673,-726703.476170,-726704.164554,-726703.312988,-726704.325111,-726701.233994
560,0,0.01,-729702.042079,-729702.042079,-0.000000,-1,123172,-729702.049448,-729704.166220,-729704.971197,-729703.876745,-729705.145389,-729702.042079
561,0,0.01,-731687.596190,-731687.596190,0.000000,-1,123476,-731687.618124,-731689.928927,-731690.791612,-731689.656798,-731690.978913,-731687.596190
562,0.003110170928,0.07353793071,-725486.792906,-725488.015275,2.444739,3,122214,-725488.002638,-725486.898009,-725487.292193,-725486.792906,-725487.380453,-725488.015275
563,0.0001002335914,0.01076143575,-728029.275297,-728029.290914,0.031234,0,122765,-728029.275297,-728030.220801,-728030.728985,-728030.073701,-728030.836281,-728029.290914
564,0.002720085358,0.06329099022,-726029.182153,-726029.222791,0.081276,3,122342,-726029.187904,-726029.374260,-726029.943780,-726029.182153,-726030.056412,-726029.222791
565,0,0.01,-729544.601207,-729544.601207,0.000000,-1,123090,-729544.676325,-729546.691078,-729547.443896,-729546.512382,-729547.635928,-729544.601207
566,0.0001002108907,0.01075870364,-725530.083916,-725530.098030,0.028227,0,122207,-725530.083916,-725532.135897,-725532.730767,-725531.998228,-725532.864986,-725530.098030
567,0.0001006070103,0.01076141821,-726767.642710,-726767.680260,0.075100,0,122480,-726767.642710,-726768.942077,-726769.481594,-726768.783113,-726769.595881,-726767.680260
568,0.0001007929123,0.01076034116,-727967.866491,-727967.915032,0.097082,0,122741,-727967.866491,-727969.639740,-727970.169008,-727969.497260,-727970.298240,-727967.915032
569,0,0.01,-726162.283302,-726162.283302,-0.000000,-1,122367,-726162.293588,-726164.392767,-726165.059510,-726164.229892,-726165.201246,-726162.283302
570,0,0.01,-729278.735914,-729278.735914,0.000000,-1,123000,-729278.754236,-729280.446312,-729281.037472,-729280.302546,-729281.168332,-729278.735914
571,0,0.01,-725897.134751,-725897.134750,-0.000000,-1,122380,-725897.168794,-725899.339894,-725900.187196,-725899.063573,-725900.388283,-725897.134751
572,0.0001017211421,0.01285605527,-726100.999444,-726101.034040,0.069192,0,122426,-726100.999444,-726102.207769,-726102.676143,-726102.091448,-726102.784975,-726101.034040
573,0,0.01,-731031.929480,-731031.929480,-0.000000,-1,123397,-731031.941748,-731033.312998,-731033.954754,-731033.126631,-731034.104245,-731031.929480
574,0,0.01,-726223.538530,-726223.538530,-0.000000,-1,122438,-726223.542382,-726224.815729,-726225.406386,-726224.654344,-726225.540190,-726223.538530
575,0,0.01,-725799.203171,-725799.203171,-0.000000,-1,122291,-725799.276294,-725800.916873,-725801.732180,-725800.688082,-725801.908732,-725799.203171
576,0.0001000987084,0.01037204787,-725616.295759,-725616.309645,0.027773,0,122337,-725616.295759,-725618.149006,-725618.741898,-725617.985624,-725618.873859,-725616.309645
577,0.0001000922466,0.01036653713,-726516.840989,-726516.853844,0.025711,0,122531,-726516.840989,-726519.117654,-726519.797187,-726518.929610,-726519.950509,-726516.853844
578,0,0.01,-727126.602470,-727126.602470,-0.000000,-1,122577,-727126.632541,-727128.695637,-727129.488963,-727128.474940,-727129.669444,-727126.602470
579,9.999396125e-05,0.01034092267,-730657.040335,-730657.040786,0.000903,0,123239,-730657.040335,-730659.124057,-730659.920026,-730658.846863,-730660.094859,-730657.040786
580,0,0.01,-731054.381493,-731054.381493,0.000000,-1,123337,-731054.408404,-731055.620787,-731056.134421,-731055.501518,-731056.250905,-731054.381493
581,0.000269652059,0.1269113577,-726398.918608,-726399.264241,0.691265,0,122423,-726398.918608,-726399.319243,-726399.791850,-726399.205303,-726399.887333,-726399.264241
582,0,0.01,-728526.252925,-728526.252925,0.000000,-1,122853,-728526.285212,-728528.321376,-728529.078511,-728528.112074,-728529.263014,-728526.252925
583,0.0001067743589,0.01431127169,-729306.141573,-729306.221924,0.160702,0,123014,-729306.141573,-729306.756393,-729307.108179,-729306.675399,-729307.193403,-729306.221924
584,0.0001017681542,0.01325160582,-726492.935749,-726492.967510,0.063522,0,122509,-726492.935749,-726493.715370,-726494.228492,-726493.575785,-726494.349429,-726492.967510
585,9.989336555e-05,0.0132925711,-724843.040723,-724843.045107,0.008769,0,122136,-724843.040723,-724844.344692,-724844.864283,-724844.212673,-724844.981645,-724843.045107
586,0.000100003081,0.01078885108,-728103.177476,-728103.179920,0.004888,0,122711,-728103.177476,-728104.367129,-728104.989436,-728104.180548,-728105.132010,-728103.179920
587,0,0.01,-727573.382301,-727573.382301,0.000000,-1,122679,-727573.397960,-727574.620572,-727575.277094,-727574.412696,-727575.416006,-727573.382301
588,0.003264638697,0.06676596909,-725717.150072,-725718.388435,2.476728,3,122265,-725717.379964,-725717.258946,-725717.664624,-725717.150072,-725717.746491,-725718.388435
589,0,0.01,-730958.513411,-730958.513411,-0.000000,-1,123353,-730958.554909,-730960.049075,-730960.773493,-730959.838490,-730960.925399,-730958.513411
590,0.0001028777265,0.01448720925,-729638.939116,-729638.978111,0.077991,0,123056,-729638.939116,-729640.212385,-729640.652661,-729640.124641,-729640.760643,-729638.978111
591,0,0.01,-726603.261842,-726603.261842,-0.000000,-1,122438,-726603.287778,-726604.791490,-726605.521680,-726604.568457,-726605.688817,-726603.261842
592,0.0007490438157,0.1627836234,-728843.583422,-728845.348579,3.530314,0,122905,-728843.583422,-728843.917242,-728844.234663,-728843.837520,-728844.308503,-728845.348579
593,0.000100051169,0.01079552613,-731346.710358,-731346.716221,0.011726,0,123429,-731346.710358,-731348.546063,-731349.097788,-731348.429553,-731349.218985,-731346.716221
594,0,0.01,-730130.916334,-730130.916334,0.000000,-1,123176,-730130.929651,-730133.518223,-730134.358535,-730133.302059,-730134.558942,-730130.916334
595,0,0.01,-730083.184017,-730083.184017,0.000000,-1,123134,-730083.201168,-730085.186226,-730085.940360,-730084.982851,-730086.116527,-730083.184017
596,0,0.01,-727777.470810,-727777.470810,0.000000,-1,122790,-727777.505602,-727778.574399,-727779.362612,-727778.294303,-727779.525326,-727777.470810
597,0.002926502216,0.08559259935,-728252.709576,-728254.522873,3.626595,3,122796,-728254.518258,-728252.868026,-728253.426375,-728252.709576,-728253.541929,-728254.522873
598,0,0.01,-730895.518819,-730895.518819,-0.000000,-1,123335,-730895.566031,-730897.257389,-730898.017659,-730897.051774,-730898.173987,-730895.518819
599,0,0.01,-728137.975228,-728137.975228,0.000000,-1,122776,-728138.026663,-728140.189198,-728141.152444,-728139.858994,-728141.358764,-728137.975228
600,0,0.01,-729354.249241,-729354.249241,-0.000000,-1,123021,-729354.257508,-729355.644431,-729356.332323,-729355.431400,-729356.480390,-729354.249241
601,0.0001000520973,0.01078000575,-726805.563487,-726805.569160,0.011345,0,122546,-726805.563487,-726806.685161,-726807.206523,-726806.544531,-726807.318894,-726805.569160
602,0.000100102554,0.01036112239,-728004.575320,-728004.589120,0.027600,0,122732,-728004.575320,-728007.096914,-728007.820873,-728006.903386,-728008.002642,-728004.589120
603,0.0001000201854,0.01037634532,-726921.821620,-726921.826311,0.009382,0,122521,-726921.821620,-726923.796308,-726924.433294,-726923.634738,-726924.574356,-726921.826311
604,0,0.01,-729414.599023,-729414.599022,-0.000000,-1,123069,-729414.638052,-729416.694864,-729417.674583,-729416.326759,-729417.900378,-729414.599023
605,0.0001000136586,0.01077641144,-725662.385720,-725662.388430,0.005420,0,122302,-725662.385720,-725663.549590,-725664.200676,-725663.360584,-725664.332403,-725662.388430
606,0.0001477406232,0.05004945636,-730487.392955,-730487.525152,0.264394,0,123267,-730487.392955,-730487.619579,-730487.974822,-730487.543381,-730488.056443,-730487.525152
607,0,0.01,-728275.848125,-728275.848125,-0.000000,-1,122838,-728275.852719,-728276.881793,-728277.677939,-728276.586074,-728277.846594,-728275.848125
608,9.999887955e-05,0.01037132229,-727332.270836,-727332.272980,0.004288,0,122640,-727332.270836,-727333.261964,-727333.967489,-727333.013800,-727334.107546,-727332.272980
609,0,0.01,-728588.652378,-728588.652378,-0.000000,-1,122864,-728588.707913,-728590.813103,-728591.569529,-728590.643799,-728591.746981,-728588.652378
610,0,0.01,-727780.911176,-727780.911177,0.000000,-1,122647,-727780.913524,-727782.532309,-727783.250686,-727782.314402,-727783.409220,-727780.911176
611,0,0.01,-726691.977332,-726691.977332,0.000000,-1,122449,-726691.987356,-726693.202980,-726693.902745,-726692.963182,-726694.047951,-726691.977332
612,0.0001000900953,0.01078193085,-727539.898814,-727539.906685,0.015742,0,122669,-727539.898814,-727541.178548,-727541.785072,-727541.018525,-727541.918861,-727539.906685
613,0,0.01,-729707.372418,-729707.372419,0.000000,-1,123058,-729707.392276,-729709.875998,-729710.705173,-729709.683819,-729710.887355,-729707.372418
614,0.0001003311518,0.01080244628,-726074.194187,-726074.216659,0.044944,0,122333,-726074.194187,-726075.418528,-726075.885680,-726075.312405,-726075.982367,-726074.216659
615,0.0001000306189,0.01076520512,-728388.915440,-728388.919253,0.007625,0,122842,-728388.915440,-728390.564477,-728391.251334,-728390.361959,-728391.405001,-728388.919253
616,0,0.01,-725882.814221,-725882.814221,-0.000000,-1,122309,-725882.850832,-725884.352451,-725885.021252,-725884.167797,-725885.155596,-725882.814221
617,0.0001010529553,0.01202536538,-722828.026890,-722828.055837,0.057895,0,121773,-722828.026890,-722828.849500,-722829.307580,-722828.723479,-722829.406225,-722828.055837
618,0,0.01,-728273.421772,-728273.421772,-0.000000,-1,122766,-728273.474652,-728275.723880,-728276.652581,-728275.434095,-728276.858072,-728273.421772
619,0,0.01,-728744.462224,-728744.462225,0.000000,-1,122901,-728744.546150,-728746.465972,-728747.178673,-728746.340320,-728747.348657,-728744.462224
620,0,0.01,-725700.647043,-725700.647043,-0.000000,-1,122254,-725700.668041,-725702.975682,-725703.792587,-725702.770600,-725703.972564,-725700.647043
621,0.0003306636024,0.1494132509,-728970.791292,-728971.378020,1.173455,0,122959,-728970.791292,-728971.246761,-728971.666188,-728971.133356,-728971.758071,-728971.378020
622,0.0001001490729,0.01076620244,-727020.279047,-727020.289658,0.021222,0,122575,-727020.279047,-727021.852718,-727022.411540,-727021.704542,-727022.523154,-727020.289658
623,0,0.01,-727603.458332,-727603.458332,0.000000,-1,122647,-727603.483311,-727604.201523,-727605.032602,-727603.903159,-727605.195621,-727603.458332
624,0.0001002519072,0.01037786223,-729888.611506,-729888.643549,0.064086,0,123131,-729888.611506,-729889.970401,-729890.618812,-729889.760018,-729890.765789,-729888.643549
625,0,0.01,-728609.409487,-728609.409487,-0.000000,-1,122913,-728609.413790,-728610.941077,-728611.540868,-728610.775109,-728611.674258,-728609.409487
626,0,0.01,-729461.463410,-729461.463410,0.000000,-1,123018,-729461.490758,-729463.657022,-729464.354877,-729463.490367,-729464.528464,-729461.463410
627,0.0003956557469,0.1208696794,-728986.215363,-728986.840895,1.251064,0,122969,-728986.215363,-728986.279234,-728986.562304,-728986.217525,-728986.633318,-728986.840895
628,0.0001000848792,0.01079502884,-730449.763882,-730449.771763,0.015762,0,123251,-730449.763882,-730451.364859,-730451.920272,-730451.225406,-730452.050878,-730449.771763
629,0,0.01,-726991.152089,-726991.152089,-0.000000,-1,122545,-726991.238924,-726993.328540,-726994.322168,-726993.057187,-726994.556318,-726991.152089
630,0,0.01,-727696.929682,-727696.929682,-0.000000,-1,122699,-727697.020728,-727698.938593,-727699.750037,-727698.728850,-727699.950839,-727696.929682
631,0,0.01,-729315.238412,-729315.238412,-0.000000,-1,123074,-729315.285979,-729316.926776,-729317.727090,-729316.662573,-729317.903977,-729315.238412
632,0,0.01,-731036.447743,-731036.447743,-0.000000,-1,123361,-731036.461932,-731038.394105,-731039.130198,-731038.172306,-731039.292041,-731036.447743
633,0.0001042911484,0.01396683104,-729955.229230,-729955.286996,0.115532,0,123187,-729955.229230,-729955.610136,-729956.097120,-729955.470651,-729956.208245,-729955.286996
634,0,0.01,-727304.939457,-727304.939457,-0.000000,-1,122590,-727304.956028,-727307.441351,-727308.298950,-727307.200474,-727308.496985,-727304.939457
635,0,0.01,-728739.678925,-728739.678925,-0.000000,-1,122845,-728739.712915,-728741.820941,-728742.650802,-728741.565649,-728742.842365,-728739.678925
636,0,0.01,-727227.059243,-727227.059243,-0.000000,-1,122590,-727227.104362,-727229.446340,-727230.325825,-727229.216569,-727230.537997,-727227.059243
637,0.0001004071941,0.01036574982,-729833.078340,-729833.128660,0.100639,0,123166,-729833.078340,-729834.987565,-729835.566985,-729834.820713,-729835.692027,-729833.128660
638,0.0001031415504,0.01629998378,-726757.679961,-726757.715033,0.070144,0,122484,-726757.679961,-726758.758022,-726759.170957,-726758.661858,-726759.269595,-726757.715033
639,0,0.01,-726721.236311,-726721.236311,-0.000000,-1,122434,-726721.261092,-726723.290698,-726724.138312,-726723.045143,-726724.322188,-726721.236311
640,0.0001009908965,0.01242276754,-730472.470260,-730472.494445,0.048368,0,123287,-730472.470260,-730473.405454,-730473.925350,-730473.270223,-730474.040635,-730472.494444
641,0,0.01,-730529.171473,-730529.171473,0.000000,-1,123309,-730529.187626,-730530.875587,-730531.583474,-730530.671159,-730531.742476,-730529.171473
642,0,0.01,-726494.298192,-726494.298192,-0.000000,-1,122475,-726494.339575,-726496.246930,-726497.092317,-726495.955484,-726497.274267,-726494.298192
643,0.002673913686,0.08016123509,-728458.369604,-728459.185582,1.631956,3,122864,-728459.181530,-728458.571222,-728459.173750,-728458.369604,-728459.288416,-728459.185582
644,0,0.01,-723728.842538,-723728.842538,0.000000,-1,121910,-723728.915493,-723731.117857,-723732.124014,-723730.840596,-723732.370012,-723728.842538
645,0.0001014903575,0.01675124363,-730230.183141,-730230.205590,0.044897,0,123234,-730230.183141,-730231.488259,-730231.963921,-730231.388048,-730232.076871,-730230.205590
646,0,0.01,-728374.230642,-728374.230642,-0.000000,-1,122869,-728374.256676,-728376.465708,-728377.244887,-728376.233511,-728377.430148,-728374.230642
647,0.0001002095738,0.01033890533,-727012.304375,-727012.330103,0.051457,0,122604,-727012.304375,-727014.905122,-727015.695294,-727014.683317,-727015.887441,-727012.330103
648,9.997120736e-05,0.01079895103,-728050.037427,-728050.038454,0.002055,0,122717,-728050.037427,-728050.608086,-728051.096851,-728050.472844,-728051.211755,-728050.038454
649,0,0.01,-726332.916617,-726332.916617,0.000000,-1,122494,-726332.948103,-726334.361184,-726335.045308,-726334.152949,-726335.193089,-726332.916617
650,0.0002711269261,0.1000798269,-727282.469611,-727282.733007,0.526793,0,122628,-727282.469611,-727282.761979,-727283.156818,-727282.655899,-727283.245663,-727282.733007
651,0.0001001327106,0.01037136442,-728813.164796,-728813.182766,0.035940,0,122918,-728813.164796,-728814.795934,-728815.418273,-728814.604304,-728815.550517,-728813.182766
652,9.998262895e-05,0.01037689946,-727504.801654,-727504.801922,0.000536,0,122644,-727504.801654,-727505.642825,-727506.219368,-727505.478826,-727506.331327,-727504.801923
653,0.002246823005,0.07791150502,-726767.758306,-726767.837674,0.158736,3,122517,-726767.821524,-726767.980557,-726768.681168,-726767.758306,-726768.834601,-726767.837674
654,0,0.01,-726826.738403,-726826.738404,0.000000,-1,122507,-726826.780757,-726828.759288,-726829.451546,-726828.580754,-726829.599268,-726826.738403
655,0,0.01,-731115.165885,-731115.165886,0.000000,-1,123334,-731115.230390,-731116.861382,-731117.609115,-731116.656285,-731117.793207,-731115.165885
656,0,0.01,-728323.475632,-728323.475632,-0.000000,-1,122783,-728323.479595,-728325.108644,-728325.995170,-728324.778342,-728326.184489,-728323.475632
657,0.000104304554,0.01276259544,-729269.684983,-729269.763119,0.156271,0,123048,-729269.684983,-729270.589185,-729270.940774,-729270.504327,-729271.030289,-729269.763119
658,0,0.01,-727145.967393,-727145.967393,0.000000,-1,122607,-727145.987256,-727147.992139,-727148.689394,-727147.785987,-727148.846047,-727145.967393
659,0,0.01,-729002.285269,-729002.285269,0.000000,-1,122978,-729002.310090,-729004.599578,-729005.398427,-729004.364261,-729005.597457,-729002.285269
660,0.000100926078,0.01077658507,-728259.142247,-728259.199560,0.114626,0,122808,-728259.142247,-728260.251715,-728260.714247,-728260.120330,-728260.828553,-728259.199560
661,9.713196787e-05,0.01965350082,-724881.538423,-724881.538488,0.000130,0,122142,-724881.538423,-724882.692700,-724883.179551,-724882.588842,-724883.289991,-724881.538488
662,0,0.01,-727518.922011,-727518.922011,-0.000000,-1,122657,-727518.926884,-727520.619249,-727521.458211,-727520.319817,-727521.646076,-727518.922011
663,0,0.01,-726459.036669,-726459.036669,-0.000000,-1,122478,-726459.041600,-726460.146345,-726460.693929,-726459.980971,-726460.822896,-726459.036669
664,0,0.01,-728389.313917,-728389.313917,-0.000000,-1,122829,-728389.391591,-728391.523679,-728392.533995,-728391.228196,-728392.773302,-728389.313917
665,0,0.01,-726843.630808,-726843.630808,0.000000,-1,122537,-726843.664934,-726845.543909,-726846.315815,-726845.293312,-726846.482206,-726843.630808
666,0.0001066828433,0.01476861784,-728294.220705,-728294.294412,0.147414,0,122812,-728294.220705,-728294.449301,-728294.912456,-728294.314537,-728295.021796,-728294.294412
667,0,0.01,-729508.952384,-729508.952384,0.000000,-1,123068,-729508.973058,-729511.436343,-729512.294719,-729511.183116,-729512.510135,-729508.952384
668,0,0.01,-729527.360570,-729527.360570,0.000000,-1,123045,-729527.410190,-729528.804725,-729529.595737,-729528.549992,-729529.759917,-729527.360570
669,0.0001000770133,0.01035067587,-727381.481620,-727381.492163,0.021085,0,122649,-727381.481620,-727383.828344,-727384.569725,-727383.601774,-727384.737711,-727381.492163
670,0,0.01,-727939.455825,-727939.455825,-0.000000,-1,122801,-727939.501722,-727941.705495,-727942.605922,-727941.410449,-727942.798995,-727939.455825
671,0.0001014576858,0.01117727845,-727672.785214,-727672.845709,0.120990,0,122677,-727672.785214,-727673.748546,-727674.181384,-727673.640894,-727674.290663,-727672.845709
672,0,0.01,-728896.747262,-728896.747262,-0.000000,-1,122922,-728896.806846,-728899.090860,-728899.978461,-728898.867126,-728900.178711,-728896.747262
673,0.0001003400729,0.01076032267,-729154.808908,-729154.830956,0.044097,0,123067,-729154.808908,-729155.972414,-729156.558600,-729155.780459,-729156.674188,-729154.830956
674,0,0.01,-726546.443878,-726546.443878,0.000000,-1,122441,-726546.507586,-726548.080879,-726548.689534,-726547.939224,-726548.831433,-726546.443878
675,0.0001004154582,0.01406888196,-729729.459044,-729729.470785,0.023483,0,123094,-729729.459044,-729730.340026,-729730.872282,-729730.205685,-729730.994336,-729729.470785
676,0.003127960193,0.06413005507,-731488.332837,-731488.846272,1.026871,3,123470,-731488.460449,-731488.451171,-731488.889271,-731488.332837,-731488.990604,-731488.846272
677,0.0001005717483,0.01078493024,-726792.808009,-726792.844352,0.072687,0,122492,-726792.808009,-726793.094579,-726793.668207,-726792.917611,-726793.781115,-726792.844352
678,0,0.01,-727185.526093,-727185.526093,0.000000,-1,122565,-727185.562642,-727187.889344,-727188.651356,-727187.706265,-727188.838346,-727185.526093
679,0,0.01,-728487.863279,-728487.863279,-0.000000,-1,122820,-728487.882528,-728490.474485,-728491.457404,-728490.141024,-728491.680502,-728487.863279
680,0.004053370337,0.03889863365,-727487.244295,-727487.564366,0.640142,3,122635,-727487.406758,-727487.281783,-727487.502165,-727487.244295,-727487.561997,-727487.564366
681,0,0.01,-726563.964051,-726563.964051,-0.000000,-1,122483,-726564.056056,-726565.990808,-726566.837004,-726565.781687,-726567.047658,-726563.964051
682,0.0001005182743,0.01036672804,-728176.786666,-728176.849762,0.126193,0,122822,-728176.786666,-728177.932716,-728178.664770,-728177.594277,-728178.798858,-728176.849762
683,0,0.01,-728110.681197,-728110.681197,-0.000000,-1,122761,-728110.724680,-728112.079673,-728112.770751,-728111.859492,-728112.937208,-728110.681197
684,0.0001010351635,0.01078525943,-727868.833943,-727868.897755,0.127623,0,122770,-727868.833943,-727870.275922,-727870.701551,-727870.172996,-727870.806560,-727868.897755
685,0,0.01,-727547.826960,-727547.826961,0.000000,-1,122696,-727547.851115,-727550.000726,-727550.747027,-727549.797571,-727550.919319,-727547.826960
686,0,0.01,-726770.543826,-726770.543826,0.000000,-1,122504,-726770.600936,-726772.708638,-726773.544617,-726772.471084,-726773.761206,-726770.543826
687,0.00356470924,0.07722086861,-734215.608375,-734217.918190,4.619630,3,123990,-734216.714909,-734215.703776,-734216.085042,-734215.608375,-734216.165913,-734217.918190
688,0.0001000086175,0.01036967224,-728414.820690,-728414.823693,0.006007,0,122847,-728414.820690,-728415.517459,-728416.181481,-728415.314282,-728416.319975,-728414.823693
689,9.49438721e-05,0.02850218127,-727297.742286,-727297.752732,0.020893,0,122648,-727297.742286,-727298.693318,-727299.177082,-727298.591981,-727299.294382,-727297.752732
690,0.002907416344,0.06125790443,-731703.948972,-731704.005670,0.113395,3,123491,-731703.991478,-731704.060868,-731704.492055,-731703.948972,-731704.585950,-731704.005670
691,0,0.01,-727902.190759,-727902.190759,-0.000000,-1,122724,-727902.195687,-727903.822035,-727904.626079,-727903.549568,-727904.787645,-727902.190759
692,0.003327028365,0.05763622849,-727495.701024,-727496.370634,1.339220,3,122660,-727495.830073,-727495.794490,-727496.158322,-727495.701024,-727496.238678,-727496.370634
693,0.0001003089,0.01075915628,-727831.660618,-727831.680679,0.040123,0,122735,-727831.660618,-727832.462131,-727833.103765,-727832.240747,-727833.232558,-727831.680679
694,0,0.01,-728648.499065,-728648.499065,0.000000,-1,122897,-728648.547805,-728649.771413,-728650.517603,-728649.554881,-728650.691435,-728648.499065
695,0,0.01,-729644.673042,-729644.673042,0.000000,-1,123080,-729644.680480,-729647.178486,-729647.985635,-729646.968400,-729648.175786,-729644.673042
696,0.0001003339524,0.0107910857,-728776.782115,-728776.804483,0.044737,0,122909,-728776.782115,-728777.484943,-728777.985015,-728777.346306,-728778.098377,-728776.804483
697,0.00010036976,0.01076073648,-730750.038286,-730750.062187,0.047802,0,123285,-730750.038286,-730750.564984,-730751.142878,-730750.389252,-730751.276399,-730750.062187
698,0,0.01,-730731.202067,-730731.202067,0.000000,-1,123323,-730731.209741,-730733.275073,-730734.065725,-730733.036881,-730734.245392,-730731.202067
699,0.0001002515935,0.01081000643,-725811.997035,-725812.014803,0.035536,0,122266,-725811.997035,-725813.410372,-725813.983353,-725813.251571,-725814.111706,-725812.014803
700,0,0.01,-724042.710268,-724042.710268,0.000000,-1,121984,-724042.789427,-724044.513364,-724045.387210,-724044.219333,-724045.586087,-724042.710268
701,0,0.01,-728752.476704,-728752.476704,0.000000,-1,122956,-728752.521841,-728754.542039,-728755.222705,-728754.375954,-728755.372647,-728752.476704
702,0.000101013738,0.01078080551,-725854.120185,-725854.182189,0.124008,0,122324,-725854.120185,-725855.275077,-725855.713986,-725855.161448,-725855.822125,-725854.182189
703,0,0.01,-727260.961277,-727260.961277,-0.000000,-1,122572,-727260.962767,-727262.728171,-727263.339957,-727262.572754,-727263.487045,-727260.961277
704,0.0001002547619,0.01078915914,-727295.685693,-727295.703475,0.035562,0,122634,-727295.685693,-727296.661999,-727297.146552,-727296.540243,-727297.259622,-727295.703475
705,0.0001067994758,0.01554878602,-730444.821108,-730444.888307,0.134398,0,123312,-730444.821108,-730445.154885,-730445.596560,-730445.021778,-730445.693307,-730444.888307
706,0.0002124534492,0.1247406898,-729392.551847,-729392.776801,0.449908,0,123046,-729392.551847,-729393.119730,-729393.617940,-729392.982347,-729393.722563,-729392.776801
707,0,0.01,-727643.345973,-727643.345973,0.000000,-1,122714,-727643.367642,-727645.479026,-727646.297474,-727645.223234,-727646.473257,-727643.345973
708,0.0001018155408,0.01583252779,-725103.428983,-725103.454192,0.050417,0,122231,-725103.428983,-725104.346968,-725104.838515,-725104.229726,-725104.947687,-725103.454192
709,0,0.01,-724475.864281,-724475.864281,0.000000,-1,122037,-724475.884098,-724477.603729,-724478.289908,-724477.389673,-724478.446136,-724475.864281
710,0.0001009981471,0.01077239467,-727369.266586,-727369.327578,0.121984,0,122637,-727369.266586,-727370.119565,-727370.750437,-727369.862919,-727370.886542,-727369.327578
711,0,0.01,-729081.001611,-729081.001611,-0.000000,-1,123044,-729081.043769,-729082.859431,-729083.501819,-729082.701669,-729083.648450,-729081.001611
712,0,0.01,-724633.785864,-724633.785864,-0.000000,-1,122048,-724633.856831,-724635.594630,-724636.424044,-724635.339817,-724636.615180,-724633.785864
713,0,0.01,-729648.741150,-729648.741150,-0.000000,-1,123083,-729648.751630,-729650.449935,-729651.082134,-729650.278224,-729651.225105,-729648.741150
714,0.000100071224,0.01037511168,-726694.358513,-726694.369194,0.021361,0,122503,-726694.358513,-726696.618020,-726697.286438,-726696.444626,-726697.450734,-726694.369194
715,0.0003713604312,0.1186252147,-727543.883009,-727544.412374,1.058731,0,122647,-727543.883009,-727544.058610,-727544.467929,-727543.934383,-727544.556586,-727544.412374
716,0.00010073666,0.01077555103,-726568.883806,-726568.929250,0.090889,0,122433,-726568.883806,-726569.602561,-726570.125141,-726569.448049,-726570.241449,-726568.929251
717,0,0.01,-727661.486789,-727661.486789,-0.000000,-1,122707,-727661.509137,-727663.704811,-727664.476977,-727663.480468,-727664.651774,-727661.486789
718,0.0001000776329,0.01036264248,-728578.827277,-728578.838169,0.021783,0,122879,-728578.827277,-728580.321557,-728580.997157,-728580.107300,-728581.133267,-728578.838169
719,0.0001002293285,0.01078455918,-728078.348495,-728078.364452,0.031915,0,122785,-728078.348495,-728078.695703,-728079.248349,-728078.516784,-728079.366607,-728078.364452
720,0,0.01,-727734.352623,-727734.352623,-0.000000,-1,122784,-727734.366564,-727736.035700,-727736.685751,-727735.854855,-727736.827229,-727734.352623
721,0,0.01,-730147.496964,-730147.496964,-0.000000,-1,123213,-730147.499853,-730149.695480,-730150.362321,-730149.525561,-730150.515996,-730147.496964
722,0,0.01,-727843.375798,-727843.375798,0.000000,-1,122700,-727843.398818,-727845.252406,-727845.870585,-727845.109342,-727846.018595,-727843.375798
723,0.003085705052,0.06281298162,-727160.756005,-727161.105155,0.698299,3,122607,-727160.834235,-727160.836385,-727161.185821,-727160.756005,-727161.266007,-727161.105155
724,0.0001003279174,0.01079165087,-727312.453833,-727312.475810,0.043954,0,122617,-727312.453833,-727313.058275,-727313.627674,-727312.899006,-727313.759048,-727312.475810
725,0.0001008885767,0.01201737443,-727711.829859,-727711.854979,0.050241,0,122705,-727711.829859,-727712.628167,-727713.057416,-727712.521056,-727713.156801,-727711.854979
726,0,0.01,-727126.195504,-727126.195504,0.000000,-1,122522,-727126.275905,-727127.929477,-727128.739471,-727127.691877,-727128.920040,-727126.195504
727,0,0.01,-727556.172656,-727556.172656,0.000000,-1,122679,-727556.235488,-727558.282670,-727559.029593,-727558.104673,-727559.199158,-727556.172656
728,0.0001001951062,0.01077234914,-728628.671973,-728628.685886,0.027827,0,122897,-728628.671973,-728630.080802,-728630.596399,-728629.954690,-728630.716529,-728628.685886
729,0,0.01,-730639.408131,-730639.408131,-0.000000,-1,123320,-730639.423887,-730641.637278,-730642.365981,-730641.446623,-730642.533337,-730639.408131
730,0.000100145929,0.01038283544,-729013.860171,-729013.879892,0.039443,0,122944,-729013.860171,-729015.223761,-729015.789837,-729015.052496,-729015.926302,-729013.879892
731,0,0.01,-725769.076418,-725769.076418,0.000000,-1,122297,-725769.112350,-725771.191384,-725772.090378,-725770.888518,-725772.291612,-725769.076418
732,0.0001007989185,0.01076537134,-729570.199960,-729570.249221,0.098521,0,123067,-729570.199960,-729571.763104,-729572.264954,-729571.623286,-729572.375319,-729570.249221
733,0,0.01,-729367.818876,-729367.818876,0.000000,-1,123031,-729367.830978,-729368.583657,-729369.472696,-729368.216488,-729369.662028,-729367.818876
734,0.000265742313,0.1200314212,-726456.201511,-726456.523737,0.644453,0,122486,-726456.201511,-726456.326807,-726456.789582,-726456.205859,-726456.877061,-726456.523737
735,0,0.01,-725714.004271,-725714.004271,-0.000000,-1,122330,-725714.035080,-725715.447232,-725716.103582,-725715.265116,-725716.248088,-725714.004271
736,0.0001094752171,0.0173616186,-728617.572732,-728617.646622,0.147780,0,122893,-728617.572732,-728618.207429,-728618.575628,-728618.120940,-728618.668596,-728617.646622
737,0.000100358279,0.01036780038,-730519.547265,-730519.591636,0.088743,0,123303,-730519.547265,-730521.682495,-730522.294967,-730521.495814,-730522.438900,-730519.591636
738,0,0.01,-730440.204318,-730440.204318,0.000000,-1,123229,-730440.253174,-730442.505375,-730443.414206,-730442.238093,-730443.614737,-730440.204318
739,0,0.01,-729024.973246,-729024.973246,-0.000000,-1,122971,-729025.025473,-729025.573732,-729026.429954,-729025.279802,-729026.602130,-729024.973246
740,0.002659188796,0.08138783875,-728286.600308,-728287.114630,1.028644,3,122801,-728287.113357,-728286.861984,-728287.532750,-728286.600308,-728287.661148,-728287.114630
741,0.000100012885,0.01037090072,-726800.745934,-726800.749776,0.007684,0,122515,-726800.745934,-726802.012722,-726802.714243,-726801.789107,-726802.866453,-726800.749776
742,0.0001001609391,0.01078892493,-728846.269652,-728846.281700,0.024097,0,122854,-728846.269652,-728847.848583,-728848.409678,-728847.704029,-728848.539829,-728846.281701
743,0,0.01,-726020.005264,-726020.005264,0.000000,-1,122386,-726020.034134,-726022.013871,-726022.763860,-726021.800911,-726022.935364,-726020.005264
744,0,0.01,-725722.417719,-725722.417719,-0.000000,-1,122354,-725722.458398,-725724.648243,-725725.486554,-725724.393800,-725725.680806,-725722.417719
745,0.0001002497281,0.0103625458,-728094.071274,-728094.102609,0.062669,0,122798,-728094.071274,-728096.235645,-728096.884540,-728096.040634,-728097.037022,-728094.102608
746,0,0.01,-729952.621472,-729952.621472,-0.000000,-1,123154,-729952.625846,-729952.976651,-729953.592472,-729952.789193,-729953.713768,-729952.621472
747,0,0.01,-728218.335200,-728218.335200,-0.000000,-1,122809,-728218.413564,-728220.116118,-728220.940307,-728219.864037,-728221.122453,-728218.335200
748,0.0004192662185,0.203204693,-728750.231653,-728751.295423,2.127540,0,122922,-728750.231653,-728750.490045,-728751.097229,-728750.293055,-728751.221973,-728751.295423
749,0,0.01,-731700.572960,-731700.572960,0.000000,-1,123452,-731700.587240,-731701.778091,-731702.469685,-731701.568508,-731702.619629,-731700.572960
750,0.0001000291343,0.01080131189,-728035.215381,-728035.220123,0.009483,0,122813,-728035.215381,-728036.672571,-728037.195365,-728036.553952,-728037.321273,-728035.220122
751,0,0.01,-726153.373276,-726153.373276,-0.000000,-1,122408,-726153.389090,-726155.132982,-726155.856631,-726154.897871,-726156.019236,-726153.373276
752,0.0001001603969,0.01075758408,-727609.808085,-727609.819535,0.022900,0,122701,-727609.808085,-727611.597298,-727612.162370,-727611.450314,-727612.298101,-727609.819535
753,0,0.01,-726893.068891,-726893.068891,-0.000000,-1,122527,-726893.127437,-726894.784670,-726895.462213,-726894.601620,-726895.614194,-726893.068891
754,0.0001012425956,0.01076916762,-727152.514828,-727152.590477,0.151297,0,122573,-727152.514828,-727153.729829,-727154.137528,-727153.630080,-727154.232898,-727152.590477
755,0.008201597402,0.04220227096,-727177.633724,-727186.295281,17.323114,2,122593,-727181.711089,-727177.637449,-727177.633724,-727177.694810,-727177.641727,-727186.295281
756,0.003156758205,0.06026421404,-727203.295128,-727203.868622,1.146989,3,122612,-727203.820547,-727203.385970,-727203.729080,-727203.295128,-727203.804081,-727203.868622
757,0,0.01,-726950.223750,-726950.223750,0.000000,-1,122512,-726950.225932,-726951.485514,-726952.053075,-726951.337985,-726952.179316,-726950.223750
758,0.0001010012406,0.01077234158,-725980.578194,-725980.639757,0.123126,0,122331,-725980.578194,-725981.261466,-725981.729198,-725981.122343,-725981.838052,-725980.639757
759,0.0001001266401,0.01076719711,-725506.278937,-725506.288468,0.019063,0,122260,-725506.278937,-725508.302615,-725508.909334,-725508.157451,-725509.058034,-725506.288468
760,0.0001002844274,0.01078975096,-729508.973073,-729508.992430,0.038714,0,123062,-729508.973073,-729510.288298,-729510.811332,-729510.157694,-729510.932310,-729508.992430
761,0.0001006819511,0.01077305663,-726217.373135,-726217.415299,0.084327,0,122401,-726217.373135,-726218.544268,-726219.073304,-726218.383019,-726219.190826,-726217.415299
762,0,0.01,-729659.902374,-729659.902374,-0.000000,-1,123110,-729659.945060,-729661.542265,-729662.372838,-729661.280340,-729662.558739,-729659.902374
763,0,0.01,-721530.711207,-721530.711207,0.000000,-1,121522,-721530.777662,-721531.864245,-721532.550432,-721531.657875,-721532.702718,-721530.711207
764,0.0001010664963,0.01077610857,-729117.554526,-729117.619681,0.130309,0,122962,-729117.554526,-729118.997651,-729119.449381,-729118.882384,-729119.552444,-729117.619681
765,0.0001000044694,0.01037799485,-728777.087289,-728777.090105,0.005631,0,122877,-728777.087289,-728778.397996,-728779.061072,-728778.195682,-728779.212360,-728777.090105
766,0.0001040030441,0.01457436595,-729292.105812,-729292.157230,0.102836,0,122946,-729292.105812,-729293.400020,-729293.820458,-729293.313605,-729293.919383,-729292.157230
767,0.0001002438556,0.01078986148,-729421.149777,-729421.166736,0.033918,0,122992,-729421.149777,-729421.600808,-729422.260646,-729421.370982,-729422.389105,-729421.166736
768,0,0.01,-727962.115362,-727962.115362,-0.000000,-1,122765,-727962.133327,-727964.099646,-727964.929087,-727963.840762,-727965.108395,-727962.115362
769,0.0001004903272,0.01079276809,-727812.824370,-727812.855869,0.063000,0,122768,-727812.824370,-727814.119466,-727814.595983,-727814.003575,-727814.702380,-727812.855869
770,0,0.01,-730900.805738,-730900.805738,-0.000000,-1,123365,-730900.817537,-730901.794374,-730902.378011,-730901.622216,-730902.511233,-730900.805738
771,9.998472435e-05,0.01036813204,-730367.704682,-730367.705064,0.000766,0,123248,-730367.704682,-730369.800496,-730370.525310,-730369.589273,-730370.686786,-730367.705065
772,0.002457564032,0.08499936085,-726736.823778,-726737.362889,1.078223,3,122491,-726737.384116,-726736.975422,-726737.534330,-726736.823778,-726737.662456,-726737.362889
773,0.0001002952878,0.01076637285,-729447.958892,-729447.978105,0.038426,0,123074,-729447.958892,-729449.990088,-729450.603408,-729449.857168,-729450.743767,-729447.978105
774,0,0.01,-728949.646761,-728949.646761,-0.000000,-1,122949,-728949.679317,-728951.446412,-728952.195798,-728951.229004,-728952.361805,-728949.646761
775,0.0001001861153,0.0107849368,-729370.110071,-729370.123512,0.026882,0,123004,-729370.110071,-729370.804283,-729371.469054,-729370.579525,-729371.623638,-729370.123511
776,0,0.01,-728424.227190,-728424.227190,0.000000,-1,122799,-728424.279742,-728426.279868,-728427.105491,-728426.045783,-728427.305405,-728424.227190
777,0.004172118335,0.0625743775,-725150.042906,-725152.185188,4.284563,3,122201,-725150.205787,-725150.178524,-725150.562614,-725150.042906,-725150.638453,-725152.185188
778,0,0.01,-729861.082667,-729861.082667,-0.000000,-1,123164,-729861.093048,-729863.608851,-729864.412641,-729863.389153,-729864.607277,-729861.082667
779,0,0.01,-725887.786244,-725887.786244,0.000000,-1,122329,-725887.853642,-725890.011763,-725890.921489,-725889.752898,-725891.139543,-725887.786244
780,0,0.01,-727694.721253,-727694.721253,-0.000000,-1,122663,-727694.735396,-727695.469499,-727695.952479,-727695.350917,-727696.057928,-727694.721253
781,0.0001113555096,0.02090473999,-727417.154957,-727417.221746,0.133579,0,122638,-727417.154957,-727417.572653,-727417.990998,-727417.460346,-727418.083172,-727417.221746
782,0,0.01,-726677.829452,-726677.829452,-0.000000,-1,122509,-726677.840925,-726679.287717,-726680.180065,-726678.939060,-726680.370545,-726677.829452
783,0,0.01,-727074.996023,-727074.996023,0.000000,-1,122528,-727075.026170,-727076.898382,-727077.692476,-727076.661798,-727077.886169,-727074.996023
784,0,0.01,-728525.696009,-728525.696009,-0.000000,-1,122887,-728525.711401,-728528.181054,-728529.016548,-728527.968123,-728529.219305,-728525.696009
785,0,0.01,-729764.511910,-729764.511910,-0.000000,-1,123123,-729764.543879,-729766.554900,-729767.242220,-729766.372835,-729767.397980,-729764.511910
786,0.0001003964882,0.01037382146,-728787.351975,-728787.400956,0.097962,0,122929,-728787.351975,-728789.407987,-728790.009786,-728789.224176,-728790.148749,-728787.400956
787,0.0001005086971,0.01078205593,-728536.597138,-728536.629499,0.064722,0,122911,-728536.597138,-728537.775358,-728538.334334,-728537.623400,-728538.462134,-728536.629499
788,0.0001000161818,0.01037422473,-728199.052802,-728199.057075,0.008546,0,122785,-728199.052802,-728200.532902,-728201.112904,-728200.370897,-728201.242565,-728199.057075
789,0.0001004379347,0.01075709485,-728762.504195,-728762.531870,0.055349,0,122879,-728762.504195,-728764.316964,-728764.894125,-728764.153854,-728765.016211,-728762.531870
790,0.0001321565383,0.03681344496,-729223.445211,-729223.545732,0.201043,0,122975,-729223.445211,-729224.007954,-729224.433852,-729223.902775,-729224.539294,-729223.545733
791,0.0001003217206,0.01079351642,-727399.864428,-727399.886287,0.043718,0,122656,-727399.864428,-727400.930676,-727401.558272,-727400.719045,-727401.695455,-727399.886287
792,8.87889054e-05,0.04523037167,-727934.920196,-727934.937207,0.034024,0,122749,-727934.920196,-727935.767694,-727936.300766,-727935.635259,-727936.418239,-727934.937207
793,0.0001000815245,0.01035638605,-729336.011263,-729336.022436,0.022346,0,122990,-729336.011263,-729338.344632,-729339.087633,-729338.115888,-729339.264411,-729336.022437
794,0,0.01,-727430.921714,-727430.921714,0.000000,-1,122655,-727430.976158,-727432.827644,-727433.592377,-727432.608051,-727433.767126,-727430.921714
795,0.0001005593195,0.01077439717,-729043.593416,-729043.628208,0.069583,0,122885,-729043.593416,-729044.754295,-729045.340260,-729044.576359,-729045.470827,-729043.628208
796,0.0001018438482,0.01284092259,-727244.257099,-727244.293409,0.072621,0,122610,-727244.257099,-727245.584857,-727246.040164,-727245.482776,-727246.134536,-727244.293409
797,0.00010024561,0.01037232636,-730660.761082,-730660.792612,0.063059,0,123303,-730660.761082,-730662.457934,-730663.045168,-730662.282543,-730663.181517,-730660.792612
798,0.0001003079664,0.01037530984,-728381.255448,-728381.294095,0.077294,0,122805,-728381.255448,-728382.104689,-728382.812996,-728381.822780,-728382.953178,-728381.294095
799,0,0.01,-727221.783815,-727221.783815,0.000000,-1,122589,-727221.822907,-727223.646959,-727224.348578,-727223.463293,-727224.504829,-727221.783815
800,0.0001003341571,0.0108051083,-727160.736307,-727160.758986,0.045358,0,122577,-727160.736307,-727162.568094,-727163.080850,-727162.447118,-727163.208521,-727160.758986
801,0.00010013919,0.01078431298,-729060.621690,-729060.632273,0.021166,0,122990,-729060.621690,-729062.605225,-729063.186721,-729062.455792,-729063.335502,-729060.632273
802,0.000100059339,0.0107917618,-730803.618404,-730803.624475,0.012141,0,123321,-730803.618404,-730805.075082,-730805.651977,-730804.925865,-730805.781954,-730803.624475
803,0,0.01,-726668.729614,-726668.729614,0.000000,-1,122504,-726668.802539,-726670.101458,-726671.026931,-726669.709045,-726671.238179,-726668.729614
804,0.0001000926756,0.01078641641,-728048.147230,-728048.155337,0.016213,0,122724,-728048.147230,-728049.735198,-728050.263658,-728049.610315,-728050.387210,-728048.155337
805,0.0003074289579,0.1006688682,-726999.942720,-727000.282955,0.680469,0,122562,-726999.942720,-727000.287491,-727000.610468,-727000.215245,-727000.691375,-727000.282955
806,0,0.01,-726454.533833,-726454.533833,-0.000000,-1,122456,-726454.540886,-726455.889998,-726456.462231,-726455.737000,-726456.588461,-726454.533833
807,0.003872929071,0.07279904422,-727435.053643,-727438.056635,6.005985,3,122625,-727436.215293,-727435.162199,-727435.545575,-727435.053643,-727435.629007,-727438.056635
808,0.0001000774191,0.01037738903,-727856.990665,-727857.002017,0.022705,0,122736,-727856.990665,-727859.280649,-727859.951011,-727859.117263,-727860.107112,-727857.002017
809,0.0001008403044,0.010788873,-728776.537723,-728776.590185,0.104924,0,122945,-728776.537723,-728776.687709,-728777.149640,-728776.549886,-728777.239010,-728776.590185
810,0.000100305804,0.01035180817,-726506.985244,-726507.022690,0.074892,0,122505,-726506.985244,-726508.875732,-726509.559640,-726508.661159,-726509.706490,-726507.022690
811,0,0.01,-728887.839709,-728887.839709,0.000000,-1,122983,-728887.882548,-728890.395968,-728891.407099,-728889.960939,-728891.623867,-728887.839709
812,0,0.01,-727339.179741,-727339.179741,-0.000000,-1,122621,-727339.217099,-727341.333379,-727342.158546,-727341.070098,-727342.334919,-727339.179741
813,0.000100829493,0.0107585943,-727589.884606,-727589.935392,0.101571,0,122663,-727589.884606,-727590.777849,-727591.301619,-727590.612359,-727591.422101,-727589.935392
814,0,0.01,-726353.012844,-726353.012844,0.000000,-1,122428,-726353.079225,-726354.871656,-726355.698293,-726354.612238,-726355.888077,-726353.012844
815,0,0.01,-730159.943852,-730159.943852,0.000000,-1,123193,-730159.967626,-730162.183725,-730162.929433,-730161.988214,-730163.107302,-730159.943852
816,0.004036140591,0.04370858907,-727521.974811,-727522.363239,0.776857,3,122653,-727522.036628,-727522.016745,-727522.247884,-727521.974811,-727522.308493,-727522.363239
817,7.87391607e-05,0.05627277003,-730051.311098,-730051.322406,0.022615,0,123155,-730051.311098,-730052.202638,-730052.798659,-730052.065656,-730052.937769,-730051.322406
818,0,0.01,-730666.156322,-730666.156322,0.000000,-1,123292,-730666.200255,-730667.800482,-730668.498704,-730667.613183,-730668.662228,-730666.156322
819,0,0.01,-724813.785833,-724813.785833,-0.000000,-1,122051,-724813.824365,-724816.241957,-724817.109775,-724815.992718,-724817.335543,-724813.785833
820,0.0001003556212,0.01075501221,-728180.512397,-728180.535056,0.045317,0,122789,-728180.512397,-728181.779802,-728182.389674,-728181.587118,-728182.526892,-728180.535056
821,0.0001010537286,0.01076388161,-727758.417494,-727758.481746,0.128503,0,122702,-727758.417494,-727759.916549,-727760.389976,-727759.797541,-727760.500187,-727758.481746
822,0.000100569928,0.01075711663,-727761.282196,-727761.317527,0.070662,0,122714,-727761.282196,-727763.216883,-727763.771271,-727763.062632,-727763.900101,-727761.317527
823,0,0.01,-727903.880971,-727903.880971,0.000000,-1,122725,-727903.893284,-727904.701915,-727905.358733,-727904.495897,-727905.486002,-727903.880971
824,0,0.01,-728711.845253,-728711.845253,-0.000000,-1,122966,-728711.869872,-728714.005531,-728714.798777,-728713.749408,-728714.979832,-728711.845253
825,0,0.01,-731934.565676,-731934.565676,-0.000000,-1,123578,-731934.594974,-731937.017375,-731937.853322,-731936.791695,-731938.057055,-731934.565676
826,0,0.01,-725804.905307,-725804.905307,0.000000,-1,122373,-725804.906462,-725806.903051,-725807.591512,-725806.707546,-725807.751467,-725804.905307
827,0.0001003280996,0.01075762626,-725208.182629,-725208.203677,0.042097,0,122213,-725208.182629,-725209.683132,-725210.282272,-725209.497038,-725210.418049,-725208.203677
828,0.0001005439847,0.01079532011,-728084.980449,-728085.015100,0.069303,0,122817,-728084.980449,-728085.737473,-728086.251735,-728085.586757,-728086.367508,-728085.015100
829,0,0.01,-727491.371344,-727491.371343,-0.000000,-1,122698,-727491.448836,-727493.039086,-727493.667915,-727492.892949,-727493.809673,-727491.371344
830,0.0001004757794,0.01076467269,-726792.978815,-726793.008701,0.059771,0,122533,-726792.978815,-726794.049821,-726794.581466,-726793.888045,-726794.706006,-726793.008701
831,0,0.01,-728909.164040,-728909.164040,-0.000000,-1,122918,-728909.169556,-728910.856907,-728911.575368,-728910.617477,-728911.740675,-728909.164040
832,0.0001001932395,0.0107757554,-729141.634980,-729141.648610,0.027259,0,123034,-729141.634980,-729142.087503,-729142.682265,-729141.908425,-729142.790718,-729141.648610
833,0.0001001385274,0.01037613115,-727581.336732,-727581.355436,0.037407,0,122699,-727581.336732,-727581.709003,-727582.287243,-727581.528126,-727582.404228,-727581.355436
834,0.0001007504975,0.01080080272,-731832.692361,-731832.739738,0.094754,0,123514,-731832.692361,-731833.630830,-731834.153971,-731833.485843,-731834.268181,-731832.739738
835,0.004027101234,0.1062583337,-727879.639997,-727886.381206,13.482419,3,122821,-727880.603114,-727879.868059,-727880.603985,-727879.639997,-727880.746277,-727886.381206
836,0.003477802296,0.05233886457,-729306.724651,-729307.159270,0.869238,3,123020,-729306.737727,-729306.812492,-729307.159839,-729306.724651,-729307.237742,-729307.159270
837,0,0.01,-731270.798151,-731270.798151,-0.000000,-1,123429,-731270.829314,-731272.822091,-731273.599846,-731272.586514,-731273.776379,-731270.798151
838,0,0.01,-729623.516291,-729623.516291,-0.000000,-1,123063,-729623.545169,-729625.900701,-729626.743947,-729625.670739,-729626.949024,-729623.516291
839,0,0.01,-728555.183636,-728555.183636,-0.000000,-1,122899,-728555.275940,-728557.135241,-728557.968585,-728556.906222,-728558.185685,-728555.183636
840,0,0.01,-725660.601955,-725660.601955,0.000000,-1,122306,-725660.611218,-725661.856668,-725662.445902,-725661.691099,-725662.571905,-725660.601955
841,0,0.01,-727742.579380,-727742.579380,0.000000,-1,122656,-727742.596134,-727744.449958,-727745.081295,-727744.300819,-727745.234235,-727742.579380
842,0,0.01,-729478.076759,-729478.076759,0.000000,-1,123050,-729478.082243,-729478.663736,-729479.278990,-729478.493977,-729479.396418,-729478.076759
843,0,0.01,-727565.623575,-727565.623575,0.000000,-1,122650,-727565.633047,-727567.760900,-727568.475792,-727567.578604,-727568.641154,-727565.623575
844,0,0.01,-725991.530445,-725991.530445,0.000000,-1,122322,-725991.551533,-725993.534876,-725994.330444,-725993.283613,-725994.496714,-725991.530445
845,0,0.01,-725776.527657,-725776.527657,-0.000000,-1,122287,-725776.528085,-725778.133562,-725778.848818,-725777.894185,-725779.004575,-725776.527657
846,0,0.01,-726180.177731,-726180.177731,-0.000000,-1,122420,-726180.220852,-726182.216165,-726182.964772,-726182.026839,-726183.136986,-726180.177731
847,0.0001001781424,0.01035551358,-727321.271103,-727321.293645,0.045084,0,122609,-727321.271103,-727323.647194,-727324.369138,-727323.433261,-727324.540341,-727321.293645
848,0,0.01,-729453.449463,-729453.449463,0.000000,-1,123045,-729453.452033,-729455.112082,-729455.791330,-729454.926747,-729455.960518,-729453.449463
849,0,0.01,-725953.133596,-725953.133596,0.000000,-1,122333,-725953.173312,-725955.287125,-725956.054596,-725955.082215,-725956.252364,-725953.133596
850,0,0.01,-729260.200566,-729260.200566,0.000000,-1,122987,-729260.260889,-729262.559672,-729263.451279,-729262.344181,-729263.650980,-729260.200566
851,0,0.01,-726577.120463,-726577.120463,0.000000,-1,122508,-726577.155382,-726578.860936,-726579.513872,-726578.702850,-726579.675812,-726577.120463
852,0.0001000020519,0.01036636122,-732025.046091,-732025.048567,0.004953,0,123594,-732025.046091,-732026.233250,-732026.964552,-732025.980007,-732027.114585,-732025.048567
853,0,0.01,-727017.042040,-727017.042040,-0.000000,-1,122596,-727017.052582,-727018.305338,-727019.050842,-727018.046564,-727019.198281,-727017.042040
854,0,0.01,-728039.668503,-728039.668503,-0.000000,-1,122756,-728039.700900,-728041.176086,-728041.872338,-728040.976267,-728042.032432,-728039.668503
855,0.003712924767,0.05596406754,-730940.749240,-730941.810409,2.122336,3,123400,-730941.339290,-730940.804395,-730941.081431,-730940.749240,-730941.149145,-730941.810409
856,9.996122775e-05,0.01079026558,-726668.635207,-726668.635628,0.000842,0,122511,-726668.635207,-726669.519435,-726670.000528,-726669.387978,-726670.108710,-726668.635628
857,0,0.01,-730358.269930,-730358.269930,0.000000,-1,123242,-730358.380791,-730360.215320,-730361.236765,-730359.903689,-730361.472313,-730358.269930
858,0,0.01,-728571.210138,-728571.210138,0.000000,-1,122847,-728571.283792,-728572.642786,-728573.337043,-728572.435675,-728573.497460,-728571.210138
859,0,0.01,-729222.638023,-729222.638023,-0.000000,-1,123025,-729222.709377,-729224.815051,-729225.703496,-729224.545230,-729225.919354,-729222.638023
860,0,0.01,-729483.944502,-729483.944502,-0.000000,-1,123056,-729483.983933,-729486.548614,-729487.521612,-729486.297079,-729487.744102,-729483.944502
861,0.0001004875332,0.01075942113,-727883.264083,-727883.294513,0.060861,0,122784,-727883.264083,-727884.608401,-727885.151884,-727884.457522,-727885.267652,-727883.294513
862,0,0.01,-727210.519763,-727210.519763,-0.000000,-1,122569,-727210.541919,-727211.729178,-727212.357816,-727211.539904,-727212.498652,-727210.519763
863,0,0.01,-728482.739110,-728482.739110,-0.000000,-1,122851,-728482.766061,-728484.289815,-728649.875115,-728484.056340,-728485.184923,-728482.739110
864,0,0.01,-731168.612514,-731168.612514,0.000000,-1,123400,-731168.613998,-731170.205931,-731170.962083,-731169.955332,-731171.127398,-731168.612514
865,0,0.01,-727699.795107,-727699.795108,0.000000,-1,122722,-727699.850896,-727702.191589,-727703.110218,-727701.915484,-727703.346225,-727699.795107
866,0.0001006478586,0.01079191629,-728355.849851,-728355.890871,0.082041,0,122852,-728355.849851,-728356.897361,-728357.453121,-728356.726613,-728357.576454,-728355.890871
867,0.0001001163905,0.01079571795,-729075.911438,-729075.921224,0.019573,0,122971,-729075.911438,-729076.765604,-729077.280647,-729076.633377,-729077.400774,-729075.921224
868,0,0.01,-726159.080433,-726159.080433,0.000000,-1,122383,-726159.095839,-726160.655919,-726161.330202,-726160.452169,-726161.476832,-726159.080433
869,0.0001000543482,0.01035568199,-726394.634759,-726394.642642,0.015765,0,122415,-726394.634759,-726396.865592,-726397.614929,-726396.643478,-726397.776223,-726394.642642
870,0,0.01,-729768.075214,-729768.075214,-0.000000,-1,123181,-729768.081442,-729770.122089,-729770.844076,-729769.906392,-729771.009436,-729768.075214
871,0.003301076959,0.0521094311,-727955.163204,-727955.339475,0.352544,3,122771,-727955.184841,-727955.225642,-727955.518575,-727955.163204,-727955.592667,-727955.339475
872,0,0.01,-728000.174904,-728000.174904,0.000000,-1,122737,-728000.180542,-728001.573556,-728002.284535,-728001.347516,-728002.439141,-728000.174904
873,0.0001002033822,0.01080536281,-724740.923879,-724740.938557,0.029355,0,122132,-724740.923879,-724741.699840,-724742.221640,-724741.549155,-724742.332736,-724740.938557
874,0,0.01,-726583.428014,-726583.428014,-0.000000,-1,122466,-726583.455940,-726585.189185,-726585.903330,-726584.980976,-726586.067799,-726583.428014
875,0,0.01,-727010.004304,-727010.004304,-0.000000,-1,122532,-727010.044861,-727011.161264,-727011.810211,-727010.977866,-727011.961739,-727010.004304
876,0,0.01,-727093.309172,-727093.309172,0.000000,-1,122606,-727093.319465,-727095.470399,-727096.213934,-727095.276257,-727096.396511,-727093.309172
877,0.0001000022193,0.01035126382,-726456.166993,-726456.168600,0.003215,0,122466,-726456.166993,-726458.518530,-726459.285666,-726458.282147,-726459.468022,-726456.168600
878,0.000265105125,0.1703825534,-728585.188397,-728585.667017,0.957240,0,122819,-728585.188397,-728585.496428,-728586.017420,-728585.340484,-728586.126539,-728585.667018
879,0,0.01,-728580.631383,-728580.631383,-0.000000,-1,122833,-728580.674754,-728581.920456,-728582.520115,-728581.764109,-728582.646656,-728580.631383
880,0,0.01,-730709.619005,-730709.619005,0.000000,-1,123318,-730709.653866,-730711.973694,-730712.791874,-730711.766500,-730712.996684,-730709.619005
881,0,0.01,-726955.625213,-726955.625213,0.000000,-1,122575,-726955.650399,-726956.689074,-726957.288292,-726956.525151,-726957.427565,-726955.625213
882,0,0.01,-728347.880961,-728347.880961,-0.000000,-1,122733,-728347.927338,-728350.334514,-728351.234886,-728350.066054,-728351.455770,-728347.880961
883,0.0001007533182,0.01077490678,-729154.227742,-729154.274334,0.093184,0,122958,-729154.227742,-729155.813372,-729156.318698,-729155.675751,-729156.443843,-729154.274334
884,0,0.01,-723304.114429,-723304.114429,-0.000000,-1,121790,-723304.180255,-723305.768754,-723306.474415,-723305.577821,-723306.612796,-723304.114429
885,0.0001003035256,0.01037380615,-726775.605816,-726775.643933,0.076235,0,122516,-726775.605816,-726777.167192,-726777.777316,-726776.974646,-726777.921140,-726775.643933
886,0.0001006877681,0.01118339549,-729068.560412,-729068.590729,0.060635,0,123009,-729068.560412,-729069.507581,-729070.003281,-729069.371888,-729070.129681,-729068.590729
887,0.0001006612645,0.01078053227,-727086.283134,-727086.324685,0.083101,0,122630,-727086.283134,-727087.074024,-727087.536513,-727086.951426,-727087.629963,-727086.324685
888,0.0002901146056,0.1066338042,-727915.055607,-727915.375519,0.639823,0,122735,-727915.055607,-727915.310628,-727915.749327,-727915.190566,-727915.850517,-727915.375519
889,0.0001019309786,0.01719103597,-727443.795130,-727443.820458,0.050657,0,122664,-727443.795130,-727444.987826,-727445.441832,-727444.893426,-727445.550959,-727443.820458
890,0.0001007663866,0.01076552872,-729364.760321,-729364.807569,0.094496,0,123076,-729364.760321,-729366.082967,-729366.619491,-729365.923542,-729366.738161,-729364.807569
891,0,0.01,-726021.985197,-726021.985197,0.000000,-1,122328,-726022.005405,-726023.670502,-726024.540106,-726023.374454,-726024.740141,-726021.985197
892,9.919093004e-05,0.04006937886,-727904.340529,-727904.373995,0.066932,0,122755,-727904.340529,-727905.076630,-727905.536795,-727904.966699,-727905.645316,-727904.373995
893,9.999243432e-05,0.01079732475,-730119.707567,-730119.710185,0.005236,0,123127,-730119.707567,-730119.937193,-730120.521561,-730119.770530,-730120.641463,-730119.710185
894,0,0.01,-727479.637424,-727479.637425,0.000000,-1,122673,-727479.686307,-727481.935579,-727482.762245,-727481.730769,-727482.951962,-727479.637424
895,0,0.01,-728178.722542,-728178.722542,-0.000000,-1,122770,-728178.752259,-728180.302763,-728180.911067,-728180.157928,-728181.056313,-728178.722542
896,0,0.01,-727325.196450,-727325.196450,-0.000000,-1,122623,-727325.215942,-727327.680932,-727328.511239,-727327.456282,-727328.705335,-727325.196450
897,0,0.01,-726488.793852,-726488.793852,-0.000000,-1,122484,-726488.860766,-726490.033049,-726490.684640,-726489.845020,-726490.820290,-726488.793852
898,0.0001000953949,0.0103522743,-725904.708699,-725904.721929,0.026459,0,122369,-725904.708699,-725906.669696,-725907.362464,-725906.449684,-725907.509748,-725904.721929
899,0,0.01,-728999.538053,-728999.538053,0.000000,-1,122951,-728999.582917,-729000.717405,-729001.489999,-729000.457457,-729001.655338,-728999.538053
900,0,0.01,-729673.017247,-729673.017247,-0.000000,-1,123042,-729673.023215,-729674.786405,-729675.408380,-729674.619000,-729675.552060,-729673.017247
901,0.003402322117,0.05636425156,-728559.253881,-728559.872314,1.236865,3,122886,-728559.502300,-728559.328071,-728559.649290,-728559.253881,-728559.726118,-728559.872314
902,0.0001002415,0.01076421171,-728090.682701,-728090.698929,0.032456,0,122790,-728090.682701,-728092.038170,-728092.630307,-728091.864057,-728092.779978,-728090.698929
903,0,0.01,-728267.811173,-728267.811173,0.000000,-1,122839,-728267.835939,-728269.306437,-728270.000081,-728269.096323,-728270.150858,-728267.811173
904,0.0001012527828,0.01077729264,-725906.637556,-725906.713714,0.152316,0,122350,-725906.637556,-725907.904418,-725908.296981,-725907.815216,-725908.385515,-725906.713714
905,0,0.01,-727816.489242,-727816.489242,0.000000,-1,122731,-727816.522696,-727817.972184,-727818.884727,-727817.635716,-727819.069691,-727816.489242
906,0,0.01,-728384.266854,-728384.266854,0.000000,-1,122794,-728384.295889,-728386.260458,-728386.901311,-728386.101434,-728387.053036,-728384.266854
907,9.997465674e-05,0.01077589146,-727294.992264,-727294.992847,0.001165,0,122612,-727294.992264,-727296.588223,-727297.248157,-727296.374571,-727297.386661,-727294.992847
908,0.0001011464521,0.01240826547,-727687.459971,-727687.487129,0.054316,0,122737,-727687.459971,-727688.621108,-727689.090924,-727688.513348,-727689.206216,-727687.487129
909,0,0.01,-730995.577761,-730995.577761,0.000000,-1,123318,-730995.638717,-730998.125656,-730999.164574,-730997.770331,-730999.387823,-730995.577761
910,0.003883934461,0.05491743189,-728315.347179,-728317.297195,3.900033,3,122823,-728316.565265,-728315.379768,-728315.575863,-728315.347179,-728315.625242,-728317.297195
911,0.003798517414,0.04977496157,-728138.589208,-728139.043471,0.908526,3,122781,-728138.675204,-728138.666026,-728138.999748,-728138.589208,-728139.072672,-728139.043471
912,0.000100011961,0.01080253681,-727356.664974,-727356.668663,0.007377,0,122689,-727356.664974,-727356.928852,-727357.494268,-727356.747344,-727357.613296,-727356.668663
913,0,0.01,-728785.192666,-728785.192666,-0.000000,-1,122930,-728785.197273,-728786.717771,-728787.336779,-728786.530791,-728787.477953,-728785.192666
914,0.0001002533167,0.01036286358,-727639.361951,-727639.393801,0.063699,0,122660,-727639.361951,-727640.780209,-727641.472262,-727640.506765,-727641.615222,-727639.393801
915,0.0001000959901,0.01036862978,-727148.141665,-727148.155051,0.026772,0,122598,-727148.141665,-727150.013104,-727150.722820,-727149.797334,-727150.877974,-727148.155051
916,0,0.01,-728929.520679,-728929.520679,0.000000,-1,123004,-728929.556015,-728931.946751,-728932.794312,-728931.691245,-728932.993932,-728929.520679
917,0,0.01,-728463.011645,-728463.011645,-0.000000,-1,122811,-728463.025373,-728464.723793,-728465.400589,-728464.547709,-728465.573756,-728463.011645
918,0,0.01,-728195.663695,-728195.663695,0.000000,-1,122777,-728195.669506,-728197.848012,-728198.687125,-728197.577238,-728198.881868,-728195.663695
919,0.0039458824,0.06141826936,-725607.757310,-725609.732135,3.949650,3,122336,-725608.795301,-725607.815591,-725608.079478,-725607.757310,-725608.138847,-725609.732135
920,0.0001001688656,0.01076984541,-728739.107356,-728739.119653,0.024594,0,122878,-728739.107356,-728739.254553,-728739.741077,-728739.110965,-728739.846530,-728739.119653
921,0.003140508428,0.06569361976,-728544.673244,-728545.301110,1.255732,3,122858,-728544.949840,-728544.738178,-728545.061205,-728544.673244,-728545.130556,-728545.301110
922,0,0.01,-726235.544537,-726235.544537,-0.000000,-1,122380,-726235.569131,-726237.446440,-726238.179282,-726237.239791,-726238.357709,-726235.544537
923,0,0.01,-728613.576736,-728613.576736,0.000000,-1,122870,-728613.606983,-728616.087364,-728617.050259,-728615.774895,-728617.281415,-728613.576736
924,0,0.01,-726059.903185,-726059.903185,-0.000000,-1,122388,-726059.992897,-726061.808289,-726062.718280,-726061.555260,-726062.906374,-726059.903185
925,0,0.01,-729838.414697,-729838.414697,0.000000,-1,123174,-729838.432233,-729838.937894,-729839.511029,-729838.765153,-729839.637506,-729838.414697
926,0,0.01,-729571.611046,-729571.611046,-0.000000,-1,123012,-729571.634325,-729573.853303,-729574.636651,-729573.629892,-729574.820747,-729571.611046
927,0.0001003784385,0.01078486961,-728984.353490,-728984.378212,0.049444,0,122920,-728984.353490,-728984.932177,-728985.423145,-728984.790183,-728985.525627,-728984.378212
928,0.000100004321,0.01076496379,-726375.549170,-726375.551528,0.004717,0,122486,-726375.549170,-726375.962574,-726376.635678,-726375.732690,-726376.768700,-726375.551528
929,0.002164374397,0.09824884933,-725079.812389,-725080.231644,0.838512,3,122151,-725080.252405,-725080.192359,-725081.100825,-725079.812389,-725081.260039,-725080.231645
930,0,0.01,-728138.271101,-728138.271101,0.000000,-1,122813,-728138.320476,-728140.997235,-728141.951598,-728140.702248,-728142.165396,-728138.271101
931,0,0.01,-727993.838384,-727993.838384,0.000000,-1,122686,-727993.852862,-727995.592319,-727996.291307,-727995.387908,-727996.447118,-727993.838384
932,0,0.01,-729483.514492,-729483.514492,-0.000000,-1,123056,-729483.530133,-729485.239312,-729485.892365,-729485.062114,-729486.044028,-729483.514492
933,0,0.01,-727993.452831,-727993.452831,0.000000,-1,122725,-727993.519450,-727994.332326,-727995.313881,-727993.969934,-727995.511963,-727993.452831
934,0.0001002148442,0.01037445635,-728718.565428,-728718.593304,0.055752,0,122929,-728718.565428,-728720.461257,-728721.034477,-728720.313741,-728721.157854,-728718.593304
935,0,0.01,-725454.773395,-725454.773395,0.000000,-1,122257,-725454.791693,-725456.562211,-725457.306002,-725456.324121,-725457.468562,-725454.773395
936,0.0001032508321,0.0149426793,-726524.558134,-726524.598677,0.081086,0,122479,-726524.558134,-726525.504403,-726525.935681,-726525.398393,-726526.042269,-726524.598677
937,0,0.01,-728769.723794,-728769.723794,0.000000,-1,122919,-728769.750070,-728771.095550,-728771.918155,-728770.830248,-728772.094335,-728769.723794
938,0.002810766144,0.07605891434,-729376.706419,-729377.189177,0.965515,3,123010,-729377.179072,-729376.914257,-729377.546609,-729376.706419,-729377.676503,-729377.189177
939,0.0002894978688,0.1262282421,-730176.166221,-730176.549936,0.767430,0,123171,-730176.166221,-730176.313225,-730176.729876,-730176.206728,-730176.826401,-730176.549936
940,0.0001005022117,0.01079625455,-727557.018160,-727557.050463,0.064606,0,122660,-727557.018160,-727557.462354,-727557.935179,-727557.333328,-727558.032875,-727557.050463
941,0,0.01,-727075.235697,-727075.235697,-0.000000,-1,122500,-727075.279999,-727077.119356,-727077.866457,-727076.889960,-727078.036148,-727075.235697
942,0.0001003511621,0.01079390111,-727335.455653,-727335.478902,0.046498,0,122587,-727335.455653,-727336.354961,-727336.850467,-727336.225985,-727336.946990,-727335.478902
943,0.002933226447,0.07362406527,-727931.076200,-727931.666671,1.180942,3,122710,-727931.661749,-727931.221857,-727931.714035,-727931.076200,-727931.820103,-727931.666671
944,0.0001000160936,0.01035024193,-729741.317487,-729741.320802,0.006631,0,123148,-729741.317487,-729743.172135,-729744.044940,-729742.840384,-729744.212983,-729741.320802
945,0.0001000166589,0.01036836213,-726719.245164,-726719.249127,0.007927,0,122509,-726719.245164,-726720.020889,-726720.740204,-726719.783415,-726720.905213,-726719.249127
946,0,0.01,-725388.681060,-725388.681060,0.000000,-1,122288,-725388.685369,-725390.646926,-725391.495585,-725390.314681,-725391.678068,-725388.681060
947,0,0.01,-726126.867267,-726126.867268,0.000000,-1,122383,-726126.904449,-726128.801590,-726129.602395,-726128.551601,-726129.789696,-726126.867267
948,0,0.01,-727308.216424,-727308.216424,0.000000,-1,122634,-727308.257713,-727309.727806,-727310.486603,-727309.499526,-727310.667721,-727308.216424
949,0,0.01,-729958.481779,-729958.481779,-0.000000,-1,123147,-729958.511210,-729960.924139,-729961.777651,-729960.681125,-729961.974777,-729958.481779
950,0,0.01,-726865.240402,-726865.240401,-0.000000,-1,122533,-726865.272821,-726867.621537,-726868.502279,-726867.334450,-726868.694601,-726865.240402
951,0.003286161112,0.06251301237,-728885.674435,-728886.689003,2.029135,3,122888,-728886.134710,-728885.741167,-728886.052825,-728885.674435,-728886.124152,-728886.689003
952,0.0001002052756,0.01078581475,-726135.360123,-726135.375025,0.029805,0,122386,-726135.360123,-726135.818392,-726136.444872,-726135.591741,-726136.572266,-726135.375025
953,0.0001002011672,0.01034811773,-728847.272479,-728847.297511,0.050064,0,122936,-728847.272479,-728849.580267,-728850.341899,-728849.329256,-728850.527341,-728847.297511
954,0.0001000689544,0.01037258826,-726122.053274,-726122.063456,0.020364,0,122366,-726122.053274,-726123.405230,-726124.092923,-726123.176650,-726124.241143,-726122.063456
955,0.0001001515389,0.01035438554,-729837.687326,-729837.706636,0.038621,0,123121,-729837.687326,-729839.382401,-729840.177651,-729839.093090,-729840.336765,-729837.706636
956,0.0001003562204,0.01037720397,-727819.326021,-727819.370358,0.088673,0,122722,-727819.326021,-727821.291350,-727821.865706,-727821.138969,-727821.995647,-727819.370358
957,0,0.01,-729410.566093,-729410.566093,-0.000000,-1,123060,-729410.585023,-729411.988218,-729412.753912,-729411.706680,-729412.911230,-729410.566093
958,0.0001001102104,0.010376107,-727690.247260,-727690.262557,0.030595,0,122719,-727690.247260,-727691.830234,-727692.418861,-727691.654414,-727692.557770,-727690.262557
959,0,0.01,-726102.337605,-726102.337605,-0.000000,-1,122363,-726102.360915,-726104.763146,-726105.603735,-726104.520127,-726105.806312,-726102.337605
960,0,0.01,-726516.390774,-726516.390774,0.000000,-1,122463,-726516.416269,-726517.681318,-726518.252977,-726517.528567,-726518.388751,-726516.390774
961,0,0.01,-728015.806123,-728015.806123,0.000000,-1,122753,-728015.839681,-728017.519647,-728018.128766,-728017.374437,-728018.272074,-728015.806123
962,0,0.01,-728271.746487,-728271.746487,0.000000,-1,122822,-728271.774126,-728273.854674,-728274.650624,-728273.635081,-728274.829126,-728271.746487
963,0,0.01,-725895.256975,-725895.256974,-0.000000,-1,122344,-725895.306147,-725896.939491,-725897.610098,-725896.755258,-725897.749796,-725895.256975
964,0,0.01,-731564.553725,-731564.553725,-0.000000,-1,123499,-731564.574093,-731565.498068,-731566.139161,-731565.306214,-731566.286665,-731564.553725
965,0.0001002622437,0.01036715838,-728352.646176,-728352.679124,0.065895,0,122799,-728352.646176,-728353.061666,-728353.718026,-728352.828445,-728353.852081,-728352.679124
966,0,0.01,-726956.710293,-726956.710293,-0.000000,-1,122497,-726956.712264,-726958.366746,-726958.926229,-726958.220947,-726959.050377,-726956.710293
967,0.0001008742808,0.0107502275,-725868.333179,-725868.386506,0.106653,0,122373,-725868.333179,-725870.019047,-725870.520228,-725869.882701,-725870.634495,-725868.386506
968,0,0.01,-728778.594602,-728778.594603,0.000000,-1,122880,-728778.660046,-728780.310806,-728781.072006,-728780.108549,-728781.248964,-728778.594602
969,0.002929545454,0.06581053183,-726928.086030,-726928.161553,0.151045,3,122512,-726928.129569,-726928.342067,-726929.049794,-726928.086030,-726929.192063,-726928.161553
970,0.0001004055256,0.01452896403,-726664.835136,-726664.847441,0.024611,0,122465,-726664.835136,-726666.385706,-726666.878645,-726666.296402,-726667.009864,-726664.847442
971,0,0.01,-726493.092807,-726493.092807,0.000000,-1,122494,-726493.110019,-726494.994559,-726495.614936,-726494.837156,-726495.764352,-726493.092807
972,0,0.01,-728248.911051,-728248.911051,-0.000000,-1,122805,-728248.933646,-728251.261423,-728252.099368,-728251.007694,-728252.287259,-728248.911051
973,0,0.01,-728817.288392,-728817.288392,-0.000000,-1,122908,-728817.301491,-728818.815296,-728819.522758,-728818.602107,-728819.680479,-728817.288392
974,0.0001006416087,0.01077518765,-727743.750397,-727743.790678,0.080563,0,122711,-727743.750397,-727745.012904,-727745.459912,-727744.901174,-727745.561472,-727743.790678
975,0.0001006341023,0.01078365756,-731475.989717,-731476.030010,0.080587,0,123466,-731475.989717,-731477.366126,-731477.855022,-731477.247783,-731477.969309,-731476.030010
976,0.0001000697004,0.01035149062,-726446.925324,-726446.935171,0.019696,0,122470,-726446.925324,-726449.186641,-726449.908976,-726448.953142,-726450.072262,-726446.935171
977,0,0.01,-727106.883405,-727106.883406,0.000000,-1,122588,-727106.918746,-727108.941887,-727109.770060,-727108.693211,-727109.962099,-727106.883405
978,0,0.01,-727981.966500,-727981.966500,0.000000,-1,122759,-727981.971977,-727983.460798,-727984.112750,-727983.262123,-727984.257443,-727981.966500
979,0,0.01,-729738.140812,-729738.140812,0.000000,-1,123104,-729738.188362,-729739.919075,-729740.965758,-729739.444817,-729741.180121,-729738.140812
980,0.003041113761,0.07272570588,-727292.578782,-727293.571647,1.985730,3,122613,-727292.966908,-727292.716841,-727293.206231,-727292.578782,-727293.314116,-727293.571647
981,0,0.01,-724748.650170,-724748.650170,0.000000,-1,122181,-724748.652711,-724750.461752,-724751.012410,-724750.330499,-724751.125272,-724748.650170
982,0,0.01,-727892.069718,-727892.069718,0.000000,-1,122718,-727892.136558,-727894.037375,-727894.817883,-727893.818623,-727894.995132,-727892.069718
983,0.0001005670186,0.01077574005,-727288.046975,-727288.082319,0.070688,0,122605,-727288.046975,-727289.758704,-727290.285251,-727289.631742,-727290.404539,-727288.082319
984,0,0.01,-724938.226818,-724938.226818,-0.000000,-1,122148,-724938.248148,-724940.473555,-724941.355663,-724940.183474,-724941.529056,-724938.226818
985,0.0001002021731,0.01035226989,-727458.535838,-727458.560866,0.050056,0,122597,-727458.535838,-727461.206382,-727461.982228,-727461.017880,-727462.171122,-727458.560866
986,0,0.01,-728156.234508,-728156.234508,-0.000000,-1,122739,-728156.301841,-728157.901706,-728158.587323,-728157.722596,-728158.748315,-728156.234508
987,0.0001011777012,0.01323450034,-729818.650184,-729818.673592,0.046817,0,123197,-729818.650184,-729819.019163,-729819.545072,-729818.850447,-729819.662666,-729818.673592
988,0,0.01,-726916.280245,-726916.280245,0.000000,-1,122513,-726916.304115,-726918.571169,-726919.467848,-726918.272047,-726919.658326,-726916.280245
989,0.003651841878,0.05877510846,-729107.231410,-729108.373626,2.284431,3,122974,-729107.710822,-729107.346452,-729107.769548,-729107.231410,-729107.861774,-729108.373626
990,0,0.01,-729889.807604,-729889.807604,-0.000000,-1,123151,-729889.816973,-729890.589188,-729891.315767,-729890.318808,-729891.466309,-729889.807604
991,0.0003106265802,0.112409219,-725966.561692,-725966.940247,0.757111,0,122351,-725966.561692,-725966.881444,-725967.282357,-725966.777259,-725967.376998,-725966.940247
992,0,0.01,-727708.677256,-727708.677256,-0.000000,-1,122743,-727708.757538,-727710.489879,-727711.182621,-727710.328756,-727711.339150,-727708.677256
993,0.0001002182674,0.01078628528,-725902.869132,-725902.884193,0.030121,0,122314,-725902.869132,-725904.535799,-725905.127886,-725904.362091,-725905.268903,-725902.884193
994,0.0001001561111,0.01036135127,-728192.314898,-728192.334976,0.040156,0,122835,-728192.314898,-728194.366998,-728195.105968,-728194.125350,-728195.270337,-728192.334976
995,0,0.01,-728169.396724,-728169.396724,-0.000000,-1,122783,-728169.432023,-728170.832019,-728171.399402,-728170.679477,-728171.520208,-728169.396724
996,0,0.01,-729108.108907,-729108.108907,0.000000,-1,122915,-729108.164467,-729110.126168,-729110.956430,-729109.893256,-729111.147471,-729108.108907
997,0,0.01,-726031.162885,-726031.162885,-0.000000,-1,122380,-726031.186892,-726031.873728,-726032.380899,-726031.748666,-726032.489559,-726031.162885
998,0,0.01,-726386.114811,-726386.114811,0.000000,-1,122437,-726386.127447,-726388.410608,-726389.207198,-726388.179497,-726389.373478,-726386.114811
999,0.0001011722323,0.01076827358,-730315.661981,-730315.734188,0.144414,0,123264,-730315.661981,-730316.806683,-730317.191048,-730316.712557,-730317.287462,-730315.734188
